year,round_of,winning_team_name,winning_team_seed,winning_team_score,losing_team_name,losing_team_seed,losing_team_score
2024,64,UConn,1,91,Stetson,16,52
2024,64,Northwestern,9,77,Florida Atlantic,8,65
2024,64,San Diego State,5,69,UAB,12,65
2024,64,Yale,13,78,Auburn,4,76
2024,64,Duquesne,11,71,BYU,6,67
2024,64,Illinois,3,85,Morehead State,14,69
2024,64,Washington State,7,66,Drake,10,61
2024,64,Iowa State,2,82,South Dakota State,15,65
2024,32,UConn,1,75,Northwestern,9,58
2024,32,San Diego State,5,85,Yale,13,57
2024,32,Illinois,3,89,Duquesne,11,63
2024,32,Iowa State,2,67,Washington State,7,56
2024,16,UConn,1,82,San Diego State,5,52
2024,16,Illinois,3,72,Iowa State,2,69
2024,8,UConn,1,77,Illinois,3,52
2024,64,North Carolina,1,90,Wagner,16,62
2024,64,Michigan State,9,69,Mississippi State,8,51
2024,64,Grand Canyon,12,75,Saint Mary's,5,66
2024,64,Alabama,4,109,Charleston,13,96
2024,64,Clemson,6,77,New Mexico,11,56
2024,64,Baylor,3,92,Colgate,14,67
2024,64,Dayton,7,63,Nevada,10,60
2024,64,Arizona,2,85,Long Beach State,15,65
2024,32,North Carolina,1,85,Michigan State,9,69
2024,32,Alabama,4,72,Grand Canyon,12,61
2024,32,Clemson,6,72,Baylor,3,64
2024,32,Arizona,2,78,Dayton,7,68
2024,16,Alabama,4,89,North Carolina,1,87
2024,16,Clemson,6,77,Arizona,2,72
2024,8,Alabama,4,89,Clemson,6,82
2024,64,Houston,1,86,Longwood,16,46
2024,64,Texas A&M,9,98,Nebraska,8,83
2024,64,James Madison,12,72,Wisconsin,5,61
2024,64,Duke,4,64,Vermont,13,47
2024,64,NC State,11,80,Texas Tech,6,67
2024,64,Oakland,14,80,Kentucky,3,76
2024,64,Colorado,10,102,Florida,7,100
2024,64,Marquette,2,87,Western Kentucky,15,69
2024,32,Houston,1,100,Texas A&M,9,95
2024,32,Duke,4,93,James Madison,12,55
2024,32,NC State,11,79,Oakland,14,73
2024,32,Marquette,2,81,Colorado,10,77
2024,16,Duke,4,54,Houston,1,51
2024,16,NC State,11,67,Marquette,2,58
2024,8,NC State,11,76,Duke,4,64
2024,64,Purdue,1,78,Grambling State,16,50
2024,64,Utah State,8,88,TCU,9,72
2024,64,Gonzaga,5,86,McNeese,12,65
2024,64,Kansas,4,93,Samford,13,89
2024,64,Oregon,11,87,South Carolina,6,73
2024,64,Creighton,3,77,Akron,14,60
2024,64,Texas,7,56,Colorado State,10,44
2024,64,Tennessee,2,83,Saint Peter's,15,49
2024,32,Purdue,1,106,Utah State,8,67
2024,32,Gonzaga,5,89,Kansas,4,68
2024,32,Creighton,3,86,Oregon,11,73
2024,32,Tennessee,2,62,Texas,7,58
2024,16,Purdue,1,80,Gonzaga,5,68
2024,16,Tennessee,2,82,Creighton,3,75
2024,8,Purdue,1,72,Tennessee,2,66
2024,4,UConn,1,86,Alabama,4,72
2024,4,Purdue,1,63,NC State,11,50
2024,2,UConn,1,75,Purdue,1,60
2023,64,Alabama,1,96,Texas A&M–Corpus Christi,16,75
2023,64,Maryland,8,67,West Virginia,9,65
2023,64,San Diego State,5,63,Charleston,12,57
2023,64,Furman,13,68,Virginia,4,67
2023,64,Creighton,6,72,North Carolina State,11,63
2023,64,Baylor,3,74,UC Santa Barbara,14,56
2023,64,Missouri,7,76,Utah State,10,65
2023,64,Princeton,15,59,Arizona,2,55
2023,32,Alabama,1,73,Maryland,8,51
2023,32,San Diego State,5,75,Furman,13,52
2023,32,Creighton,6,85,Baylor,3,76
2023,32,Princeton,15,78,Missouri,7,63
2023,16,San Diego State,5,71,Alabama,1,64
2023,16,Creighton,6,86,Princeton,15,75
2023,8,San Diego State,5,57,Creighton,6,56
2023,64,Fairleigh Dickinson,16,63,Purdue,1,58
2023,64,Florida Atlantic,9,66,Memphis,8,65
2023,64,Duke,5,74,Oral Roberts,12,51
2023,64,Tennessee,4,58,Louisiana,13,55
2023,64,Kentucky,6,61,Providence,11,53
2023,64,Kansas State,3,77,Montana State,14,65
2023,64,Michigan State,7,72,USC,10,62
2023,64,Marquette,2,78,Vermont,15,61
2023,32,Florida Atlantic,9,78,Fairleigh Dickinson,16,70
2023,32,Tennessee,4,65,Duke,5,52
2023,32,Kansas State,3,75,Kentucky,6,69
2023,32,Michigan State,7,69,Marquette,2,60
2023,16,Florida Atlantic,9,62,Tennessee,4,55
2023,16,Kansas State,3,98,Michigan State,7,93
2023,8,Florida Atlantic,9,79,Kansas State,3,76
2023,64,Houston,1,63,Northern Kentucky,16,52
2023,64,Auburn,9,83,Iowa,8,75
2023,64,Miami (FL),5,63,Drake,12,56
2023,64,Indiana,4,71,Kent State,13,60
2023,64,Pittsburgh,11,59,Iowa State,6,41
2023,64,Xavier,3,72,Kennesaw State,14,67
2023,64,Penn State,10,76,Texas A&M,7,59
2023,64,Texas,2,81,Colgate,15,61
2023,32,Houston,1,81,Auburn,9,64
2023,32,Miami (FL),5,85,Indiana,4,69
2023,32,Xavier,3,84,Pittsburgh,11,73
2023,32,Texas,2,71,Penn State,10,66
2023,16,Miami (FL),5,89,Houston,1,75
2023,16,Texas,2,83,Xavier,3,71
2023,8,Miami (FL),5,88,Texas,2,81
2023,64,Kansas,1,96,Howard,16,68
2023,64,Arkansas,8,73,Illinois,9,63
2023,64,Saint Mary's,5,63,VCU,12,51
2023,64,UConn,4,87,Iona,13,63
2023,64,TCU,6,72,Arizona State,11,70
2023,64,Gonzaga,3,82,Grand Canyon,14,70
2023,64,Northwestern,7,75,Boise State,10,67
2023,64,UCLA,2,86,UNC Asheville,15,53
2023,32,Arkansas,8,72,Kansas,1,71
2023,32,UConn,4,70,Saint Mary's,5,55
2023,32,Gonzaga,3,84,TCU,6,81
2023,32,UCLA,2,68,Northwestern,7,63
2023,16,UConn ,4,88,Arkansas,8,65
2023,16,Gonzaga,3,79,UCLA,2,76
2023,8,UConn,4,82,Gonzaga,3,54
2023,4,San Diego State,5,72,Florida Atlantic,9,71
2023,4,UConn,4,72,Miami (FL),5,59
2023,2,UConn,4,76,San Diego State,5,59
2022,64,Gonzaga,1,93,Georgia State,16,72
2022,64,Memphis,9,64,Boise State,8,53
2022,64,New Mexico State,12,70,UConn,5,63
2022,64,Arkansas,4,75,Vermont,13,71
2022,64,Notre Dame,11,78,Alabama,6,64
2022,64,Texas Tech,3,97,Montana State,14,62
2022,64,Michigan State,7,74,Davidson,10,73
2022,64,Duke,2,78,Cal State Fullerton,15,61
2022,32,Gonzaga,1,82,Memphis,9,78
2022,32,Arkansas,4,53,New Mexico State,12,48
2022,32,Texas Tech,3,59,Notre Dame,11,53
2022,32,Duke,2,85,Michigan State,7,76
2022,16,Arkansas,4,74,Gonzaga,1,68
2022,16,Duke,2,78,Texas Tech,3,73
2022,8,Duke,2,78,Arkansas,4,69
2022,64,Baylor,1,85,Norfolk State,16,49
2022,64,North Carolina,8,95,Marquette,9,63
2022,64,Saint Mary's,5,82,Indiana,12,53
2022,64,UCLA,4,57,Akron,13,53
2022,64,Texas,6,81,Virginia Tech,11,73
2022,64,Purdue,3,78,Yale,14,56
2022,64,Murray State,7,92,San Francisco,10,87
2022,64,Saint Peter's,15,85,Kentucky,2,79
2022,32,North Carolina,8,93,Baylor,1,86
2022,32,UCLA,4,72,Saint Mary's,5,56
2022,32,Purdue,3,81,Texas,6,71
2022,32,Saint Peter's,15,70,Murray State,7,60
2022,16,North Carolina,8,73,UCLA,4,66
2022,16,Saint Peter's,15,67,Purdue,3,64
2022,8,North Carolina,8,69,Saint Peter's,15,49
2022,64,Arizona,1,87,Wright State,16,70
2022,64,TCU,9,69,Seton Hall,8,42
2022,64,Houston,5,82,UAB,12,68
2022,64,Illinois,4,54,Chattanooga,13,53
2022,64,Michigan,11,75,Colorado State,6,63
2022,64,Tennessee,3,88,Longwood,14,56
2022,64,Ohio State,7,54,Loyola Chicago,10,41
2022,64,Villanova,2,80,Delaware,15,60
2022,32,Arizona,1,85,TCU,9,80
2022,32,Houston,5,68,Illinois,4,53
2022,32,Michigan,11,76,Tennessee,3,68
2022,32,Villanova,2,71,Ohio State,7,61
2022,16,Houston,5,72,Arizona,1,60
2022,16,Villanova,2,63,Michigan,11,55
2022,8,Villanova,2,50,Houston,5,44
2022,64,Kansas,1,83,Texas Southern,16,56
2022,64,Creighton,9,72,San Diego State,8,69
2022,64,Richmond,12,67,Iowa,5,63
2022,64,Providence,4,66,South Dakota State,13,57
2022,64,Iowa State,11,59,LSU,6,54
2022,64,Wisconsin,3,67,Colgate,14,60
2022,64,Miami (FL),10,68,USC,7,66
2022,64,Auburn,2,80,Jacksonville State,15,61
2022,32,Kansas,1,79,Creighton,9,72
2022,32,Providence,4,79,Richmond,12,51
2022,32,Iowa State,11,54,Wisconsin,3,49
2022,32,Miami (FL),10,79,Auburn,2,61
2022,16,Kansas,1,66,Providence,4,61
2022,16,Miami (FL),10,70,Iowa State,11,56
2022,8,Kansas,1,76,Miami (FL),10,50
2022,4,North Carolina,8,81,Duke,2,77
2022,4,Kansas,1,81,Villanova,2,65
2022,2,Kansas,1,72,North Carolina,8,69
2021,64,Gonzaga,1,98,Norfolk State,16,55
2021,64,Oklahoma,8,72,Missouri,9,68
2021,64,Creighton,5,63,UC Santa Barbara,12,62
2021,64,Ohio,13,62,Virginia,4,58
2021,64,USC,6,72,Drake,11,56
2021,64,Kansas,3,93,Eastern Washington,14,84
2021,64,Oregon,7,1,VCU,10,0
2021,64,Iowa,2,86,Grand Canyon,15,74
2021,32,Gonzaga,1,87,Oklahoma,8,71
2021,32,Creighton,5,72,Ohio,13,58
2021,32,USC,6,85,Kansas,3,51
2021,32,Oregon,7,95,Iowa,2,80
2021,16,Gonzaga,1,83,Creighton,5,65
2021,16,USC,6,82,Oregon,7,68
2021,8,Gonzaga,1,85,USC,6,66
2021,64,Michigan,1,82,Texas Southern,16,66
2021,64,LSU,8,76,St. Bonaventure,9,61
2021,64,Colorado,5,96,Georgetown,12,73
2021,64,Florida State,4,64,UNC Greensboro,13,54
2021,64,UCLA,11,73,BYU,6,62
2021,64,Abilene Christian,14,53,Texas,3,52
2021,64,Maryland,10,63,UConn,7,54
2021,64,Alabama,2,68,Iona,15,55
2021,32,Michigan,1,86,LSU,8,78
2021,32,Florida State,4,71,Colorado,5,53
2021,32,UCLA,11,67,Abilene Christian,14,47
2021,32,Alabama,2,96,Maryland,10,77
2021,16,Michigan,1,76,Florida State,4,58
2021,16,UCLA,11,88,Alabama,2,78
2021,8,UCLA,11,51,Michigan,1,49
2021,64,Baylor,1,79,Hartford,16,55
2021,64,Wisconsin,9,85,North Carolina,8,62
2021,64,Villanova,5,73,Winthrop,12,63
2021,64,North Texas,13,78,Purdue,4,69
2021,64,Texas Tech,6,65,Utah State,11,53
2021,64,Arkansas,3,85,Colgate,14,68
2021,64,Florida,7,75,Virginia Tech,10,70
2021,64,Oral Roberts,15,75,Ohio State,2,72
2021,32,Baylor,1,76,Wisconsin,9,63
2021,32,Villanova,5,84,North Texas,13,61
2021,32,Arkansas,3,68,Texas Tech,6,66
2021,32,Oral Roberts,15,81,Florida,7,78
2021,16,Baylor,1,62,Villanova,5,51
2021,16,Arkansas,3,72,Oral Roberts,15,70
2021,8,Baylor,1,81,Arkansas,3,72
2021,64,Illinois,1,78,Drexel,16,49
2021,64,Loyola Chicago,8,71,Georgia Tech,9,60
2021,64,Oregon State,12,70,Tennessee,5,56
2021,64,Oklahoma State,4,69,Liberty,13,60
2021,64,Syracuse,11,78,San Diego State,6,62
2021,64,West Virginia,3,84,Morehead State,14,67
2021,64,Rutgers,10,60,Clemson,7,56
2021,64,Houston,2,87,Cleveland State,15,56
2021,32,Loyola Chicago,8,71,Illinois,1,58
2021,32,Oregon State,12,80,Oklahoma State,4,70
2021,32,Syracuse,11,75,West Virginia,3,72
2021,32,Houston,2,63,Rutgers,10,60
2021,16,Oregon State,12,65,Loyola Chicago,8,58
2021,16,Houston,2,62,Syracuse,11,46
2021,8,Houston,2,67,Oregon State,12,61
2021,4,Gonzaga,1,93,UCLA,11,90
2021,4,Baylor,1,78,Houston,2,59
2021,2,Baylor,1,86,Gonzaga,1,70
2019,64,Duke,1,85,North Dakota State,16,62
2019,64,UCF,9,73,VCU,8,58
2019,64,Liberty,12,80,Mississippi State,5,76
2019,64,Virginia Tech,4,66,Saint Louis,13,52
2019,64,Maryland,6,79,Belmont,11,77
2019,64,LSU,3,79,Yale,14,74
2019,64,Minnesota,10,86,Louisville,7,76
2019,64,Michigan State,2,76,Bradley,15,65
2019,32,Duke,1,77,UCF,9,76
2019,32,Virginia Tech,4,67,Liberty,12,58
2019,32,LSU,3,69,Maryland,6,67
2019,32,Michigan State,2,70,Minnesota,10,50
2019,16,Duke,1,75,Virginia Tech,4,73
2019,16,Michigan State,2,80,LSU,3,63
2019,8,Michigan State,2,68,Duke,1,67
2019,64,Gonzaga,1,87,Fairleigh Dickinson,16,49
2019,64,Baylor,9,78,Syracuse,8,69
2019,64,Murray State,12,83,Marquette,5,64
2019,64,Florida State,4,76,Vermont,13,69
2019,64,Buffalo,6,91,Arizona State,11,74
2019,64,Texas Tech,3,72,Northern Kentucky,14,57
2019,64,Florida,10,70,Nevada,7,61
2019,64,Michigan,2,74,Montana,15,55
2019,32,Gonzaga,1,83,Baylor,9,71
2019,32,Florida State,4,90,Murray State,12,62
2019,32,Texas Tech,3,78,Buffalo,6,58
2019,32,Michigan,2,64,Florida,10,49
2019,16,Gonzaga,1,72,Florida State,4,58
2019,16,Texas Tech,3,63,Michigan,2,44
2019,8,Texas Tech,3,75,Gonzaga,1,69
2019,64,Virginia,1,71,Gardner–Webb,16,56
2019,64,Oklahoma,9,95,Ole Miss,8,72
2019,64,Oregon,12,72,Wisconsin,5,54
2019,64,UC Irvine,13,70,Kansas State,4,64
2019,64,Villanova,6,61,Saint Mary's,11,57
2019,64,Purdue,3,61,Old Dominion,14,48
2019,64,Iowa,10,79,Cincinnati,7,72
2019,64,Tennessee,2,77,Colgate,15,70
2019,32,Virginia,1,63,Oklahoma,9,51
2019,32,Oregon,12,73,UC Irvine,13,54
2019,32,Purdue,3,87,Villanova,6,61
2019,32,Tennessee,2,83,Iowa,10,77
2019,16,Virginia,1,53,Oregon,12,49
2019,16,Purdue,3,99,Tennessee,2,94
2019,8,Virginia,1,80,Purdue,3,75
2019,64,North Carolina,1,88,Iona,16,73
2019,64,Washington,9,78,Utah State,8,61
2019,64,Auburn,5,78,New Mexico State,12,77
2019,64,Kansas,4,87,Northeastern,13,53
2019,64,Ohio State,11,62,Iowa State,6,59
2019,64,Houston,3,84,Georgia State,14,55
2019,64,Wofford,7,84,Seton Hall,10,68
2019,64,Kentucky,2,79,Abilene Christian,15,44
2019,32,North Carolina,1,81,Washington,9,59
2019,32,Auburn,5,89,Kansas,4,75
2019,32,Houston,3,74,Ohio State,11,59
2019,32,Kentucky,2,62,Wofford,7,56
2019,16,Auburn,5,97,North Carolina,1,80
2019,16,Kentucky,2,62,Houston,3,58
2019,8,Auburn,5,77,Kentucky,2,71
2019,4,Texas Tech,3,61,Michigan State,2,51
2019,4,Virginia,1,63,Auburn,5,62
2019,2,Virginia,1,85,Texas Tech,3,77
2018,64,UMBC,16,74,Virginia,1,54
2018,64,Kansas State,9,69,Creighton,8,59
2018,64,Kentucky,5,78,Davidson,12,73
2018,64,Buffalo,13,89,Arizona,4,68
2018,64,Loyola–Chicago,11,64,Miami (FL),6,62
2018,64,Tennessee,3,73,Wright State,14,47
2018,64,Nevada,7,87,Texas,10,83
2018,64,Cincinnati,2,68,Georgia State,15,53
2018,32,Kansas State,9,50,UMBC,16,43
2018,32,Kentucky,5,95,Buffalo,13,75
2018,32,Loyola–Chicago,11,63,Tennessee,3,62
2018,32,Nevada,7,75,Cincinnati,2,73
2018,16,Kansas State,9,61,Kentucky,5,58
2018,16,Loyola–Chicago,11,69,Nevada,7,68
2018,8,Loyola–Chicago,11,78,Kansas State,9,62
2018,64,Xavier,1,102,Texas Southern,16,83
2018,64,Florida State,9,67,Missouri,8,54
2018,64,Ohio State,5,81,South Dakota State,12,73
2018,64,Gonzaga,4,68,UNC Greensboro,13,64
2018,64,Houston,6,67,San Diego State,11,65
2018,64,Michigan,3,61,Montana,14,47
2018,64,Texas A&M,7,73,Providence,10,69
2018,64,North Carolina,2,84,Lipscomb,15,66
2018,32,Florida State,9,75,Xavier,1,70
2018,32,Gonzaga,4,90,Ohio State,5,84
2018,32,Michigan,3,64,Houston,6,63
2018,32,Texas A&M,7,86,North Carolina,2,65
2018,16,Florida State,9,75,Gonzaga,4,60
2018,16,Michigan,3,99,Texas A&M,7,72
2018,8,Michigan,3,58,Florida State,9,54
2018,64,Villanova,1,87,Radford,16,61
2018,64,Alabama,9,86,Virginia Tech,8,83
2018,64,West Virginia,5,85,Murray State,12,68
2018,64,Marshall,13,81,Wichita State,4,75
2018,64,Florida,6,77,St. Bonaventure,11,62
2018,64,Texas Tech,3,70,Stephen F. Austin,14,60
2018,64,Butler,10,79,Arkansas,7,62
2018,64,Purdue,2,74,Cal State Fullerton,15,48
2018,32,Villanova,1,81,Alabama,9,58
2018,32,West Virginia,5,94,Marshall,13,71
2018,32,Texas Tech,3,69,Florida,6,66
2018,32,Purdue,2,76,Butler,10,73
2018,16,Villanova,1,90,West Virginia,5,78
2018,16,Texas Tech,3,78,Purdue,2,65
2018,8,Villanova,1,71,Texas Tech,3,59
2018,64,Kansas#,1,76,Penn,16,60
2018,64,Seton Hall,8,94,NC State,9,83
2018,64,Clemson,5,79,New Mexico State,12,68
2018,64,Auburn,4,62,College of Charleston,13,58
2018,64,Syracuse,11,57,TCU,6,52
2018,64,Michigan State,3,82,Bucknell,14,78
2018,64,Rhode Island,7,83,Oklahoma,10,78
2018,64,Duke,2,89,Iona,15,67
2018,32,Kansas#,1,83,Seton Hall,8,79
2018,32,Clemson,5,84,Auburn,4,53
2018,32,Syracuse,11,55,Michigan State,3,53
2018,32,Duke,2,87,Rhode Island,7,62
2018,16,Kansas#,1,80,Clemson,5,76
2018,16,Duke,2,69,Syracuse,11,65
2018,8,Kansas#,1,85,Duke,2,81
2018,4,Michigan,3,69,Loyola–Chicago,11,57
2018,4,Villanova,1,95,Kansas#,1,79
2018,2,Villanova,1,79,Michigan,3,62
2017,64,Villanova,1,76,Mount St. Mary's,16,56
2017,64,Wisconsin,8,84,Virginia Tech,9,74
2017,64,Virginia,5,76,UNC Wilmington,12,71
2017,64,Florida,4,80,East Tennessee State,13,65
2017,64,USC,11,66,SMU,6,65
2017,64,Baylor,3,91,New Mexico State,14,73
2017,64,South Carolina,7,93,Marquette,10,73
2017,64,Duke,2,87,Troy,15,65
2017,32,Wisconsin,8,65,Villanova,1,62
2017,32,Florida,4,65,Virginia,5,39
2017,32,Baylor,3,82,USC,11,78
2017,32,South Carolina,7,88,Duke,2,81
2017,16,Florida,4,84,Wisconsin,8,83
2017,16,South Carolina,7,70,Baylor,3,50
2017,8,South Carolina,7,77,Florida,4,70
2017,64,Gonzaga,1,66,South Dakota State,16,46
2017,64,Northwestern,8,68,Vanderbilt,9,66
2017,64,Notre Dame,5,60,Princeton,12,58
2017,64,West Virginia,4,86,Bucknell,13,80
2017,64,Xavier,11,76,Maryland,6,65
2017,64,Florida State,3,86,Florida Gulf Coast,14,80
2017,64,Saint Mary's,7,85,VCU,10,77
2017,64,Arizona,2,100,North Dakota,15,82
2017,32,Gonzaga,1,79,Northwestern,8,73
2017,32,West Virginia,4,83,Notre Dame,5,71
2017,32,Xavier,11,91,Florida State,3,66
2017,32,Arizona,2,69,Saint Mary's,7,60
2017,16,Gonzaga,1,61,West Virginia,4,58
2017,16,Xavier,11,73,Arizona,2,71
2017,8,Gonzaga,1,83,Xavier,11,59
2017,64,Kansas,1,100,UC Davis,16,62
2017,64,Michigan State,9,78,Miami (FL),8,58
2017,64,Iowa State,5,84,Nevada,12,73
2017,64,Purdue,4,80,Vermont,13,70
2017,64,Rhode Island,11,84,Creighton,6,72
2017,64,Oregon,3,93,Iona,14,77
2017,64,Michigan,7,92,Oklahoma State,10,91
2017,64,Louisville,2,78,Jacksonville State,15,63
2017,32,Kansas,1,90,Michigan State,9,70
2017,32,Purdue,4,80,Iowa State,5,76
2017,32,Oregon,3,75,Rhode Island,11,72
2017,32,Michigan,7,73,Louisville,2,69
2017,16,Kansas,1,98,Purdue,4,66
2017,16,Oregon,3,69,Michigan,7,68
2017,8,Oregon,3,74,Kansas,1,60
2017,64,North Carolina,1,103,Texas Southern,16,64
2017,64,Arkansas,8,77,Seton Hall,9,71
2017,64,Middle Tennessee,12,81,Minnesota,5,72
2017,64,Butler,4,76,Winthrop,13,64
2017,64,Cincinnati,6,75,Kansas State,11,61
2017,64,UCLA,3,97,Kent State,14,80
2017,64,Wichita State,10,64,Dayton,7,58
2017,64,Kentucky,2,79,Northern Kentucky,15,70
2017,32,North Carolina,1,72,Arkansas,8,65
2017,32,Butler,4,74,Middle Tennessee,12,65
2017,32,UCLA,3,79,Cincinnati,6,67
2017,32,Kentucky,2,65,Wichita State,10,62
2017,16,North Carolina,1,92,Butler,4,80
2017,16,Kentucky,2,86,UCLA,3,75
2017,8,North Carolina,1,75,Kentucky,2,73
2017,4,Gonzaga,1,77,South Carolina,7,73
2017,4,North Carolina,1,77,Oregon,3,76
2017,2,North Carolina,1,71,Gonzaga,1,65
2016,64,Kansas,1,105,Austin Peay,16,79
2016,64,UConn,9,74,Colorado,8,67
2016,64,Maryland,5,79,South Dakota State,12,74
2016,64,Hawaii,13,77,California,4,66
2016,64,Wichita State,11,65,Arizona,6,55
2016,64,Miami (FL),3,79,Buffalo,14,72
2016,64,Iowa,7,72,Temple,10,70
2016,64,Villanova,2,86,UNC Asheville,15,56
2016,32,Kansas,1,73,UConn,9,61
2016,32,Maryland,5,73,Hawaii,13,60
2016,32,Miami (FL),3,65,Wichita State,11,57
2016,32,Villanova,2,87,Iowa,7,68
2016,16,Kansas,1,79,Maryland,5,63
2016,16,Villanova,2,92,Miami (FL),3,69
2016,8,Villanova,2,64,Kansas,1,59
2016,64,Oregon,1,91,Holy Cross,16,52
2016,64,Saint Joseph's,8,78,Cincinnati,9,76
2016,64,Yale,12,79,Baylor,5,75
2016,64,Duke,4,93,UNC Wilmington,13,85
2016,64,Northern Iowa,11,75,Texas,6,72
2016,64,Texas A&M,3,92,Green Bay,14,65
2016,64,VCU,10,75,Oregon State,7,67
2016,64,Oklahoma,2,82,Cal State Bakersfield,15,68
2016,32,Oregon,1,69,Saint Joseph's,8,64
2016,32,Duke,4,71,Yale,12,64
2016,32,Texas A&M,3,92,Northern Iowa,11,88
2016,32,Oklahoma,2,85,VCU,10,81
2016,16,Oregon,1,82,Duke,4,68
2016,16,Oklahoma,2,77,Texas A&M,3,63
2016,8,Oklahoma,2,80,Oregon,1,68
2016,64,North Carolina,1,83,Florida Gulf Coast,16,67
2016,64,Providence,9,70,USC,8,69
2016,64,Indiana,5,99,Chattanooga,12,74
2016,64,Kentucky,4,85,Stony Brook,13,57
2016,64,Notre Dame,6,70,Michigan,11,63
2016,64,Stephen F. Austin,14,70,West Virginia,3,56
2016,64,Wisconsin,7,47,Pittsburgh,10,43
2016,64,Xavier,2,71,Weber State,15,53
2016,32,North Carolina,1,85,Providence,9,66
2016,32,Indiana,5,73,Kentucky,4,67
2016,32,Notre Dame,6,76,Stephen F. Austin,14,75
2016,32,Wisconsin,7,66,Xavier,2,63
2016,16,North Carolina,1,101,Indiana,5,86
2016,16,Notre Dame,6,61,Wisconsin,7,56
2016,8,North Carolina,1,88,Notre Dame,6,74
2016,64,Virginia,1,81,Hampton,16,45
2016,64,Butler,9,71,Texas Tech,8,61
2016,64,Little Rock,12,85,Purdue,5,83
2016,64,Iowa State,4,94,Iona,13,81
2016,64,Gonzaga,11,68,Seton Hall,6,52
2016,64,Utah,3,80,Fresno State,14,69
2016,64,Syracuse,10,70,Dayton,7,51
2016,64,Middle Tennessee,15,90,Michigan State,2,81
2016,32,Virginia,1,77,Butler,9,69
2016,32,Iowa State,4,78,Little Rock,12,61
2016,32,Gonzaga,11,82,Utah,3,59
2016,32,Syracuse,10,75,Middle Tennessee,15,50
2016,16,Virginia,1,84,Iowa State,4,71
2016,16,Syracuse,10,63,Gonzaga,11,60
2016,8,Syracuse,10,68,Virginia,1,62
2016,4,Villanova,2,95,Oklahoma,2,51
2016,4,North Carolina,1,83,Syracuse,10,66
2016,2,Villanova,2,77,North Carolina,1,74
2015,64,Kentucky,1,79,Hampton,16,56
2015,64,Cincinnati,8,66,Purdue,9,65
2015,64,West Virginia,5,68,Buffalo,12,62
2015,64,Maryland,4,65,Valparaiso,13,62
2015,64,Butler,6,56,Texas,11,48
2015,64,Notre Dame,3,69,Northeastern,14,65
2015,64,Wichita State,7,81,Indiana,10,76
2015,64,Kansas,2,75,New Mexico State,15,56
2015,32,Kentucky,1,64,Cincinnati,8,51
2015,32,West Virginia,5,69,Maryland,4,59
2015,32,Notre Dame,3,67,Butler,6,64
2015,32,Wichita State,7,78,Kansas,2,65
2015,16,Kentucky,1,78,West Virginia,5,39
2015,16,Notre Dame,3,81,Wichita State,7,70
2015,8,Kentucky,1,68,Notre Dame,3,66
2015,64,Wisconsin,1,86,Coastal Carolina,16,72
2015,64,Oregon,8,79,Oklahoma State,9,73
2015,64,Arkansas,5,56,Wofford,12,53
2015,64,North Carolina,4,67,Harvard,13,65
2015,64,Xavier,6,76,Ole Miss,11,57
2015,64,Georgia State,14,57,Baylor,3,56
2015,64,Ohio State,10,75,Virginia Commonwealth,7,72
2015,64,Arizona,2,93,Texas Southern,15,72
2015,32,Wisconsin,1,72,Oregon,8,65
2015,32,North Carolina,4,87,Arkansas,5,78
2015,32,Xavier,6,75,Georgia State,14,67
2015,32,Arizona,2,73,Ohio State,10,58
2015,16,Wisconsin,1,79,North Carolina,4,72
2015,16,Arizona,2,68,Xavier,6,60
2015,8,Wisconsin,1,85,Arizona,2,78
2015,64,Villanova,1,93,Lafayette,16,52
2015,64,NC State,8,66,LSU,9,65
2015,64,Northern Iowa,5,71,Wyoming,12,54
2015,64,Louisville,4,57,California-Irvine,13,55
2015,64,Dayton,11,66,Providence,6,53
2015,64,Oklahoma,3,69,Albany,14,60
2015,64,Michigan State,7,70,Georgia,10,63
2015,64,Virginia,2,79,Belmont,15,67
2015,32,NC State,8,71,Villanova,1,68
2015,32,Louisville,4,66,Northern Iowa,5,53
2015,32,Oklahoma,3,72,Dayton,11,66
2015,32,Michigan State,7,60,Virginia,2,54
2015,16,Louisville,4,75,NC State,8,65
2015,16,Michigan State,7,62,Oklahoma,3,58
2015,8,Michigan State,7,76,Louisville,4,70
2015,64,Duke,1,85,Robert Morris,16,56
2015,64,San Diego State,8,76,St. John's,9,64
2015,64,Utah,5,57,Stephen F. Austin,12,50
2015,64,Georgetown,4,84,Eastern Washington,13,74
2015,64,UCLA,11,60,SMU,6,59
2015,64,UAB,14,60,Iowa State,3,59
2015,64,Iowa,7,83,Davidson,10,52
2015,64,Gonzaga,2,86,North Dakota State,15,76
2015,32,Duke,1,68,San Diego State,8,49
2015,32,Utah,5,75,Georgetown,4,64
2015,32,UCLA,11,92,UAB,14,75
2015,32,Gonzaga,2,87,Iowa,7,68
2015,16,Duke,1,63,Utah,5,57
2015,16,Gonzaga,2,74,UCLA,11,62
2015,8,Duke,1,66,Gonzaga,2,52
2015,4,Wisconsin,1,71,Kentucky,1,64
2015,4,Duke,1,81,Michigan State,7,61
2015,2,Duke,1,68,Wisconsin,1,63
2014,64,Florida,1,67,Albany,16,55
2014,64,Pittsburgh,9,77,Colorado,8,48
2014,64,Stephen F. Austin,12,77,VCU,5,75
2014,64,UCLA,4,76,Tulsa,13,59
2014,64,Dayton,11,60,Ohio State,6,59
2014,64,Syracuse,3,77,Western Michigan,14,53
2014,64,Stanford,10,58,New Mexico,7,53
2014,64,Kansas,2,80,Eastern Kentucky,15,69
2014,32,Florida,1,61,Pittsburgh,9,45
2014,32,UCLA,4,77,Stephen F. Austin,12,60
2014,32,Dayton,11,55,Syracuse,3,53
2014,32,Stanford,10,60,Kansas,2,57
2014,16,Florida,1,79,UCLA,4,68
2014,16,Dayton,11,82,Stanford,10,72
2014,8,Florida,1,62,Dayton,11,52
2014,64,Virginia,1,70,Coastal Carolina,16,59
2014,64,Memphis,8,71,George Washington,9,66
2014,64,Harvard,12,61,Cincinnati,5,57
2014,64,Michigan State,4,93,Delaware,13,78
2014,64,North Carolina,6,79,Providence,11,77
2014,64,Iowa State,3,93,NC Central,14,75
2014,64,UConn,7,89,Saint Joseph's,10,81
2014,64,Villanova,2,73,Milwaukee,15,53
2014,32,Virginia,1,78,Memphis,8,60
2014,32,Michigan State,4,80,Harvard,12,73
2014,32,Iowa State,3,85,North Carolina,6,83
2014,32,UConn,7,77,Villanova,2,65
2014,16,Michigan State,4,61,Virginia,1,59
2014,16,UConn,7,81,Iowa State,3,76
2014,8,UConn,7,60,Michigan State,4,54
2014,64,Arizona,1,68,Weber State,16,59
2014,64,Gonzaga,8,85,Oklahoma State,9,77
2014,64,North Dakota State,12,80,Oklahoma,5,75
2014,64,San Diego State,4,73,New Mexico State,13,69
2014,64,Baylor,6,74,Nebraska,11,60
2014,64,Creighton,3,76,Louisiana–Lafayette,14,66
2014,64,Oregon,7,87,BYU,10,68
2014,64,Wisconsin,2,75,American,15,35
2014,32,Arizona,1,84,Gonzaga,8,61
2014,32,San Diego State,4,63,North Dakota State,12,44
2014,32,Baylor,6,85,Creighton,3,55
2014,32,Wisconsin,2,85,Oregon,7,77
2014,16,Arizona,1,70,San Diego State,4,64
2014,16,Wisconsin,2,69,Baylor,6,52
2014,8,Wisconsin,2,64,Arizona,1,63
2014,64,Wichita State,1,64,Cal Poly,16,37
2014,64,Kentucky,8,56,Kansas State,9,49
2014,64,Saint Louis,5,83,NC State,12,80
2014,64,,4,71,Manhattan,13,64
2014,64,Tennessee,11,86,Massachusetts,6,67
2014,64,Mercer,14,78,Duke,3,71
2014,64,Texas,7,87,Arizona State,10,85
2014,64,Michigan,2,57,Wofford,15,40
2014,32,Kentucky,8,78,Wichita State,1,76
2014,32,,4,66,Saint Louis,5,51
2014,32,Tennessee,11,83,Mercer,14,63
2014,32,Michigan,2,79,Texas,7,65
2014,16,Kentucky,8,74,,4,69
2014,16,Michigan,2,73,Tennessee,11,71
2014,8,Kentucky,8,75,Michigan,2,72
2014,4,Kentucky,8,74,Wisconsin,2,73
2014,4,UConn,7,63,Florida,1,53
2014,2,UConn,7,60,Kentucky,8,54
2013,64,,1,79,North Carolina A&T,16,48
2013,64,Colorado State,8,84,Missouri,9,72
2013,64,Oregon,12,68,Oklahoma State,5,55
2013,64,Saint Louis,4,64,New Mexico State,13,44
2013,64,Memphis,6,54,Saint Mary's,11,52
2013,64,Michigan State,3,65,Valparaiso,14,54
2013,64,Creighton,7,67,Cincinnati,10,63
2013,64,Duke,2,73,Albany,15,61
2013,32,,1,82,Colorado State,8,56
2013,32,Oregon,12,74,Saint Louis,4,57
2013,32,Michigan State,3,70,Memphis,6,48
2013,32,Duke,2,66,Creighton,7,50
2013,16,,1,77,Oregon,12,69
2013,16,Duke,2,71,Michigan State,3,61
2013,8,,1,85,Duke,2,63
2013,64,Gonzaga,1,64,Southern,16,58
2013,64,Wichita State,9,73,Pittsburgh,8,55
2013,64,Ole Miss,12,57,Wisconsin,5,46
2013,64,La Salle,13,63,Kansas State,4,61
2013,64,Arizona,6,81,Belmont,11,64
2013,64,Harvard,14,68,New Mexico,3,62
2013,64,Iowa State,10,76,Notre Dame,7,58
2013,64,Ohio State,2,95,Iona,15,70
2013,32,Wichita State,9,76,Gonzaga,1,70
2013,32,La Salle,13,76,Ole Miss,12,74
2013,32,Arizona,6,74,Harvard,14,51
2013,32,Ohio State,2,78,Iowa State,10,75
2013,16,Wichita State,9,72,La Salle,13,58
2013,16,Ohio State,2,73,Arizona,6,70
2013,8,Wichita State,9,70,Ohio State,2,66
2013,64,Kansas,1,64,Western Kentucky,16,57
2013,64,North Carolina,8,78,Villanova,9,71
2013,64,VCU,5,88,Akron,12,42
2013,64,Michigan,4,71,South Dakota State,13,56
2013,64,Minnesota,11,83,UCLA,6,63
2013,64,Florida,3,79,Northwestern State,14,47
2013,64,San Diego State,7,70,Oklahoma,10,55
2013,64,Florida Gulf Coast,15,78,Georgetown,2,68
2013,32,Kansas,1,70,North Carolina,8,58
2013,32,Michigan,4,78,VCU,5,53
2013,32,Florida,3,78,Minnesota,11,64
2013,32,Florida Gulf Coast,15,81,San Diego State,7,71
2013,16,Michigan,4,87,Kansas,1,85
2013,16,Florida,3,62,Florida Gulf Coast,15,50
2013,8,Michigan,4,79,Florida,3,59
2013,64,Indiana,1,83,James Madison,16,62
2013,64,Temple,9,76,NC State,8,72
2013,64,California,12,64,UNLV,5,61
2013,64,Syracuse,4,81,Montana,13,34
2013,64,Butler,6,68,Bucknell,11,56
2013,64,Marquette,3,59,Davidson,14,58
2013,64,Illinois,7,57,Colorado,10,49
2013,64,Miami (FL),2,78,Pacific,15,49
2013,32,Indiana,1,58,Temple,9,52
2013,32,Syracuse,4,66,California,12,60
2013,32,Marquette,3,74,Butler,6,72
2013,32,Miami (FL),2,63,Illinois,7,59
2013,16,Syracuse,4,61,Indiana,1,50
2013,16,Marquette,3,71,Miami (FL),2,61
2013,8,Syracuse,4,55,Marquette,3,39
2013,4,,1,72,Wichita State,9,68
2013,4,Michigan,4,61,Syracuse,4,56
2013,2,,1,82,Michigan,4,76
2012,64,Kentucky,1,81,Western Kentucky,16,66
2012,64,Iowa State,8,77,Connecticut,9,64
2012,64,VCU,12,62,Wichita State,5,59
2012,64,Indiana,4,79,New Mexico State,13,66
2012,64,Colorado,11,68,UNLV,6,64
2012,64,Baylor,3,68,South Dakota State,14,60
2012,64,Xavier,10,67,Notre Dame,7,63
2012,64,Lehigh,15,75,Duke,2,70
2012,32,Kentucky,1,87,Iowa State,8,71
2012,32,Indiana,4,63,VCU,12,61
2012,32,Baylor,3,80,Colorado,11,63
2012,32,Xavier,10,70,Lehigh,15,58
2012,16,Kentucky,1,102,Indiana,4,90
2012,16,Baylor,3,75,Xavier,10,70
2012,8,Kentucky,1,82,Baylor,3,70
2012,64,Michigan State,1,89,Long Island,16,67
2012,64,Saint Louis,9,61,Memphis,8,54
2012,64,New Mexico,5,75,Long Beach State,12,68
2012,64,,4,69,Davidson,13,62
2012,64,Murray State,6,58,Colorado State,11,41
2012,64,Marquette,3,88,BYU,14,68
2012,64,Florida,7,71,Virginia,10,45
2012,64,Norfolk State,15,86,Missouri,2,84
2012,32,Michigan State,1,65,Saint Louis,9,61
2012,32,,4,59,New Mexico,5,56
2012,32,Marquette,3,62,Murray State,6,53
2012,32,Florida,7,84,Norfolk State,15,50
2012,16,,4,57,Michigan State,1,44
2012,16,Florida,7,68,Marquette,3,58
2012,8,,4,72,Florida,7,68
2012,64,Syracuse,1,72,UNC Asheville,16,65
2012,64,Kansas State,8,70,Southern Miss,9,64
2012,64,Vanderbilt,5,79,Harvard,12,70
2012,64,Wisconsin,4,73,Montana,13,49
2012,64,Cincinnati,6,65,Texas,11,59
2012,64,Florida State,3,66,St. Bonaventure,14,63
2012,64,Gonzaga,7,77,West Virginia,10,54
2012,64,Ohio State,2,78,Loyola (MD),15,59
2012,32,Syracuse,1,75,Kansas State,8,59
2012,32,Wisconsin,4,60,Vanderbilt,5,57
2012,32,Cincinnati,6,62,Florida State,3,56
2012,32,Ohio State,2,73,Gonzaga,7,66
2012,16,Syracuse,1,64,Wisconsin,4,63
2012,16,Ohio State,2,81,Cincinnati,6,66
2012,8,Ohio State,2,77,Syracuse,1,70
2012,64,North Carolina,1,77,Vermont,16,58
2012,64,Creighton,8,58,Alabama,9,57
2012,64,South Florida,12,58,Temple,5,44
2012,64,Ohio,13,65,Michigan,4,60
2012,64,NC State,11,79,San Diego State,6,65
2012,64,Georgetown,3,74,Belmont,14,59
2012,64,Purdue,10,72,Saint Mary's,7,69
2012,64,Kansas,2,65,Detroit,15,50
2012,32,North Carolina,1,87,Creighton,8,73
2012,32,Ohio,13,62,South Florida,12,56
2012,32,NC State,11,66,Georgetown,3,63
2012,32,Kansas,2,63,Purdue,10,60
2012,16,North Carolina,1,73,Ohio,13,65
2012,16,Kansas,2,60,NC State,11,57
2012,8,Kansas,2,80,North Carolina,1,67
2012,4,Kentucky,1,69,,4,61
2012,4,Kansas,2,64,Ohio State,2,62
2012,2,Kentucky,1,67,Kansas,2,59
2011,64,Ohio State,1,75,UTSA,16,46
2011,64,George Mason,8,61,Villanova,9,57
2011,64,West Virginia,5,84,Clemson,12,76
2011,64,Kentucky,4,59,Princeton,13,57
2011,64,Marquette,11,66,Xavier,6,55
2011,64,Syracuse,3,77,Indiana State,14,60
2011,64,Washington,7,68,Georgia,10,65
2011,64,North Carolina,2,102,Long Island,15,87
2011,32,Ohio State,1,98,George Mason,8,66
2011,32,Kentucky,4,71,West Virginia,5,63
2011,32,Marquette,11,66,Syracuse,3,62
2011,32,North Carolina,2,86,Washington,7,83
2011,16,Kentucky,4,62,Ohio State,1,60
2011,16,North Carolina,2,81,Marquette,11,63
2011,8,Kentucky,4,76,North Carolina,2,69
2011,64,Duke,1,87,Hampton,16,45
2011,64,Michigan,8,75,Tennessee,9,45
2011,64,Arizona,5,77,Memphis,12,75
2011,64,Texas,4,85,Oakland,13,81
2011,64,Cincinnati,6,78,Missouri,11,63
2011,64,Connecticut,3,81,Bucknell,14,52
2011,64,Temple,7,66,Penn State,10,64
2011,64,San Diego State,2,68,Northern Colorado,15,50
2011,32,Duke,1,73,Michigan,8,71
2011,32,Arizona,5,70,Texas,4,69
2011,32,Connecticut,3,69,Cincinnati,6,58
2011,32,San Diego State,2,71,Temple,7,64
2011,16,Arizona,5,93,Duke,1,77
2011,16,Connecticut,3,74,San Diego State,2,67
2011,8,Connecticut,3,65,Arizona,5,63
2011,64,Kansas,1,72,Boston University,16,53
2011,64,Illinois,9,73,UNLV,8,62
2011,64,Richmond,12,69,Vanderbilt,5,66
2011,64,Morehead State,13,62,Louisville,4,61
2011,64,VCU,11,74,Georgetown,6,56
2011,64,Purdue,3,65,Saint Peter's,14,43
2011,64,Florida State,10,57,Texas A&M,7,50
2011,64,Notre Dame,2,69,Akron,15,56
2011,32,Kansas,1,73,Illinois,9,59
2011,32,Richmond,12,65,Morehead State,13,48
2011,32,VCU,11,94,Purdue,3,76
2011,32,Florida State,10,71,Notre Dame,2,57
2011,16,Kansas,1,77,Richmond,12,57
2011,16,VCU,11,72,Florida State,10,71
2011,8,VCU,11,71,Kansas,1,61
2011,64,Pittsburgh,1,74,UNC Asheville,16,51
2011,64,Butler,8,60,Old Dominion,9,58
2011,64,Kansas State,5,73,Utah State,12,68
2011,64,Wisconsin,4,72,Belmont,13,58
2011,64,Gonzaga,11,86,St. John's,6,71
2011,64,BYU,3,74,Wofford,14,66
2011,64,UCLA,7,78,Michigan State,10,76
2011,64,Florida,2,79,UC Santa Barbara,15,51
2011,32,Butler,8,71,Pittsburgh,1,70
2011,32,Wisconsin,4,70,Kansas State,5,65
2011,32,BYU,3,89,Gonzaga,11,67
2011,32,Florida,2,73,UCLA,7,65
2011,16,Butler,8,61,Wisconsin,4,54
2011,16,Florida,2,83,BYU,3,74
2011,8,Butler,8,74,Florida,2,71
2011,4,Connecticut,3,56,Kentucky,4,55
2011,4,Butler,8,70,VCU,11,62
2011,2,Connecticut,3,53,Butler,8,41
2010,64,Kansas,1,90,Lehigh,16,74
2010,64,Northern Iowa,9,69,UNLV,8,66
2010,64,Michigan State,5,70,New Mexico State,12,67
2010,64,Maryland,4,89,Houston,13,77
2010,64,Tennessee,6,62,San Diego State,11,59
2010,64,Ohio,14,97,Georgetown,3,83
2010,64,Georgia Tech,10,64,Oklahoma State,7,59
2010,64,Ohio State,2,68,UC Santa Barbara,15,51
2010,32,Northern Iowa,9,69,Kansas,1,67
2010,32,Michigan State,5,85,Maryland,4,83
2010,32,Tennessee,6,83,Ohio,14,68
2010,32,Ohio State,2,75,Georgia Tech,10,66
2010,16,Michigan State,5,59,Northern Iowa,9,52
2010,16,Tennessee,6,76,Ohio State,2,73
2010,8,Michigan State,5,70,Tennessee,6,69
2010,64,Syracuse,1,79,Vermont,16,56
2010,64,Gonzaga,8,67,Florida State,9,60
2010,64,Butler,5,77,UTEP,12,59
2010,64,Murray State,13,66,Vanderbilt,4,65
2010,64,Xavier,6,65,Minnesota,11,54
2010,64,Pittsburgh,3,89,Oakland,14,66
2010,64,BYU,7,99,Florida,10,92
2010,64,Kansas State,2,82,North Texas,15,62
2010,32,Syracuse,1,87,Gonzaga,8,65
2010,32,Butler,5,54,Murray State,13,52
2010,32,Xavier,6,71,Pittsburgh,3,68
2010,32,Kansas State,2,84,BYU,7,72
2010,16,Butler,5,63,Syracuse,1,59
2010,16,Kansas State,2,101,Xavier,6,96
2010,8,Butler,5,63,Kansas State,2,56
2010,64,Kentucky,1,100,East Tennessee State,16,71
2010,64,Wake Forest,9,81,Texas,8,80
2010,64,Cornell,12,78,Temple,5,65
2010,64,Wisconsin,4,53,Wofford,13,49
2010,64,Washington,11,80,Marquette,6,78
2010,64,New Mexico,3,62,Montana,14,57
2010,64,Missouri,10,86,Clemson,7,78
2010,64,West Virginia,2,77,Morgan State,15,50
2010,32,Kentucky,1,90,Wake Forest,9,60
2010,32,Cornell,12,87,Wisconsin,4,69
2010,32,Washington,11,82,New Mexico,3,64
2010,32,West Virginia,2,68,Missouri,10,59
2010,16,Kentucky,1,62,Cornell,12,45
2010,16,West Virginia,2,69,Washington,11,56
2010,8,West Virginia,2,73,Kentucky,1,66
2010,64,Duke,1,73,Arkansas-Pine Bluff,16,44
2010,64,California,8,77,Louisville,9,62
2010,64,Texas A&M,5,69,Utah State,12,53
2010,64,Purdue,4,72,Siena,13,64
2010,64,Old Dominion,11,51,Notre Dame,6,50
2010,64,Baylor,3,68,Sam Houston State,14,59
2010,64,Saint Mary's,10,80,Richmond,7,71
2010,64,Villanova,2,73,Robert Morris,15,70
2010,32,Duke,1,68,California,8,53
2010,32,Purdue,4,63,Texas A&M,5,61
2010,32,Baylor,3,76,Old Dominion,11,68
2010,32,Saint Mary's,10,75,Villanova,2,68
2010,16,Duke,1,70,Purdue,4,57
2010,16,Baylor,3,72,Saint Mary's,10,49
2010,8,Duke,1,78,Baylor,3,71
2010,4,Butler,5,52,Michigan State,5,50
2010,4,Duke,1,78,West Virginia,2,57
2010,2,Duke,1,61,Butler,5,59
2009,64,Louisville,1,74,Morehead State,16,54
2009,64,Siena,9,74,Ohio State,8,72
2009,64,Arizona,12,84,Utah,5,71
2009,64,Cleveland State,13,84,Wake Forest,4,69
2009,64,Dayton,11,68,West Virginia,6,60
2009,64,Kansas,3,84,North Dakota State,14,74
2009,64,USC,10,72,Boston College,7,55
2009,64,Michigan State,2,77,Robert Morris,15,62
2009,32,Louisville,1,79,Siena,9,72
2009,32,Arizona,12,71,Cleveland State,13,57
2009,32,Kansas,3,60,Dayton,11,43
2009,32,Michigan State,2,74,USC,10,69
2009,16,Louisville,1,103,Arizona,12,64
2009,16,Michigan State,2,67,Kansas,3,62
2009,8,Michigan State,2,64,Louisville,1,52
2009,64,Connecticut,1,103,Chattanooga,16,47
2009,64,Texas A&M,8,79,BYU,9,66
2009,64,Purdue,5,61,Northern Iowa,12,56
2009,64,Washington,4,71,Mississippi State,13,58
2009,64,Marquette,6,58,Utah State,11,57
2009,64,Missouri,3,78,Cornell,14,59
2009,64,Maryland,10,84,California,7,71
2009,64,Memphis,2,81,Cal State Northridge,15,70
2009,32,Connecticut,1,92,Texas A&M,8,66
2009,32,Purdue,5,76,Washington,4,74
2009,32,Missouri,3,83,Marquette,6,79
2009,32,Memphis,2,89,Maryland,10,70
2009,16,Connecticut,1,72,Purdue,5,60
2009,16,Missouri,3,102,Memphis,2,91
2009,8,Connecticut,1,82,Missouri,3,75
2009,64,Pittsburgh,1,72,East Tennessee State,16,62
2009,64,Oklahoma State,8,77,Tennessee,9,75
2009,64,Wisconsin,12,61,Florida St.,5,59
2009,64,Xavier,4,77,Portland St.,13,59
2009,64,UCLA,6,65,VCU,11,64
2009,64,Villanova,3,80,American,14,67
2009,64,Texas,7,76,Minnesota,10,62
2009,64,Duke,2,86,Binghamton,15,62
2009,32,Pittsburgh,1,84,Oklahoma State,8,76
2009,32,Xavier,4,60,Wisconsin,12,49
2009,32,Villanova,3,89,UCLA,6,69
2009,32,Duke,2,74,Texas,7,69
2009,16,Pittsburgh,1,60,Xavier,4,55
2009,16,Villanova,3,77,Duke,2,54
2009,8,Villanova,3,78,Pittsburgh,1,76
2009,64,North Carolina,1,101,Radford,16,58
2009,64,LSU,8,75,Butler,9,71
2009,64,Western Kentucky,12,76,Illinois,5,72
2009,64,Gonzaga,4,77,Akron,13,64
2009,64,Arizona State,6,66,Temple,11,57
2009,64,Syracuse,3,59,Stephen F. Austin,14,44
2009,64,Michigan,10,62,Clemson,7,59
2009,64,Oklahoma,2,82,Morgan State,15,54
2009,32,North Carolina,1,84,LSU,8,70
2009,32,Gonzaga,4,83,Western Kentucky,12,81
2009,32,Syracuse,3,78,Arizona State,6,67
2009,32,Oklahoma,2,73,Michigan,10,63
2009,16,North Carolina,1,98,Gonzaga,4,77
2009,16,Oklahoma,2,84,Syracuse,3,71
2009,8,North Carolina,1,72,Oklahoma,2,60
2009,4,Michigan State,2,82,Connecticut,1,73
2009,4,North Carolina,1,83,Villanova,3,69
2009,2,North Carolina,1,89,Michigan State,2,72
2008,64,North Carolina,1,113,Mount St. Mary's,16,74
2008,64,Arkansas,9,86,Indiana,8,72
2008,64,Notre Dame,5,68,George Mason,12,50
2008,64,Washington St.,4,71,Winthrop,13,40
2008,64,Oklahoma,6,72,Saint Joseph's,11,64
2008,64,Louisville,3,79,Boise State,14,61
2008,64,Butler,7,81,South Alabama,10,61
2008,64,Tennessee,2,72,American,15,57
2008,32,North Carolina,1,108,Arkansas,9,77
2008,32,Washington State,4,61,Notre Dame,5,41
2008,32,Louisville,3,78,Oklahoma,6,48
2008,32,Tennessee,2,76,Butler,7,71
2008,16,North Carolina,1,68,Washington State,4,47
2008,16,Louisville,3,79,Tennessee,2,60
2008,8,North Carolina,1,83,Louisville,3,73
2008,64,Kansas,1,85,Portland State,16,61
2008,64,UNLV,8,71,Kent State,9,58
2008,64,Villanova,12,75,Clemson,5,69
2008,64,Siena,13,83,Vanderbilt,4,62
2008,64,Kansas State,11,80,,6,67
2008,64,Wisconsin,3,71,Cal State Fullerton,14,56
2008,64,Davidson,10,82,Gonzaga,7,76
2008,64,Georgetown,2,66,UMBC,15,47
2008,32,Kansas,1,75,UNLV,8,56
2008,32,Villanova,12,84,Siena,13,72
2008,32,Wisconsin,3,72,Kansas State,11,55
2008,32,Davidson ,10,74,Georgetown,2,70
2008,16,Kansas,1,72,Villanova,12,57
2008,16,Davidson,10,73,Wisconsin,3,56
2008,8,Kansas,1,59,Davidson,10,57
2008,64,,1,87,Texas–Arlington,16,63
2008,64,Mississippi State,8,76,Oregon,9,69
2008,64,Michigan State,5,72,Temple,12,61
2008,64,Pittsburgh,4,82,Oral Roberts,13,63
2008,64,Marquette,6,74,Kentucky,11,66
2008,64,Stanford,3,77,Cornell,14,53
2008,64,Miami (FL),7,78,Saint Mary's (CA),10,64
2008,64,Texas,2,74,Austin Peay,15,54
2008,32,,1,77,Mississippi State,8,74
2008,32,Michigan State,5,65,Pittsburgh,4,54
2008,32,Stanford,3,82,Marquette,6,81
2008,32,Texas,2,75,Miami (FL),7,72
2008,16,,1,92,Michigan State,5,74
2008,16,Texas,2,82,Stanford,3,62
2008,8,,1,85,Texas,2,67
2008,64,UCLA,1,70,Mississippi Valley State,16,29
2008,64,Texas A&M,9,67,BYU,8,62
2008,64,Western Kentucky,12,101,Drake,5,99
2008,64,San Diego,13,70,Connecticut,4,69
2008,64,Purdue,6,90,Baylor,11,79
2008,64,Xavier,3,73,Georgia,14,61
2008,64,West Virginia,7,75,Arizona,10,65
2008,64,Duke,2,71,Belmont,15,70
2008,32,UCLA,1,51,Texas A&M,9,49
2008,32,Western Kentucky,12,72,San Diego,13,63
2008,32,Xavier,3,85,Purdue,6,78
2008,32,West Virginia,7,73,Duke,2,67
2008,16,UCLA,1,88,Western Kentucky,12,78
2008,16,Xavier,3,79,West Virginia,7,75
2008,8,UCLA,1,76,Xavier,3,57
2008,4,Kansas,1,84,North Carolina,1,66
2008,4,,1,78,UCLA,1,63
2008,2,Kansas,1,75,,1,68
2007,64,Florida,1,112,Jackson State,16,69
2007,64,Purdue,9,72,Arizona,8,63
2007,64,Butler,5,57,Old Dominion,12,46
2007,64,Maryland,4,82,Davidson,13,70
2007,64,Winthrop,11,74,Notre Dame,6,64
2007,64,Oregon,3,58,Miami (Ohio),14,56
2007,64,UNLV,7,67,Georgia Tech,10,63
2007,64,Wisconsin,2,76,Texas A&M-CC,15,63
2007,32,Florida,1,74,Purdue,9,67
2007,32,Butler,5,62,Maryland,4,59
2007,32,Oregon,3,75,Winthrop,11,61
2007,32,UNLV,7,74,Wisconsin,2,68
2007,16,Florida,1,65,Butler,5,57
2007,16,Oregon,3,76,UNLV,7,72
2007,8,Florida,1,85,Oregon,3,77
2007,64,Kansas,1,107,Niagara,16,67
2007,64,Kentucky,8,67,Villanova,9,58
2007,64,Virginia Tech,5,54,Illinois,12,52
2007,64,Southern Illinois,4,61,Holy Cross,13,51
2007,64,VCU,11,79,Duke,6,77
2007,64,Pittsburgh,3,79,Wright State,14,58
2007,64,Indiana,7,70,Gonzaga,10,57
2007,64,UCLA,2,70,Weber State,15,42
2007,32,Kansas,1,88,Kentucky,8,76
2007,32,Southern Illinois,4,63,Virginia Tech,5,48
2007,32,Pittsburgh,3,84,VCU,11,79
2007,32,UCLA,2,54,Indiana,7,49
2007,16,Kansas,1,61,Southern Illinois,4,58
2007,16,UCLA,2,64,Pittsburgh,3,55
2007,8,UCLA,2,68,Kansas,1,55
2007,64,North Carolina,1,86,Eastern Kentucky,16,65
2007,64,Michigan State,9,61,Marquette,8,49
2007,64,USC,5,77,Arkansas,12,60
2007,64,Texas,4,79,New Mexico State,13,67
2007,64,Vanderbilt,6,77,George Washington,11,44
2007,64,Washington State,3,70,Oral Roberts,14,54
2007,64,Boston College,7,84,Texas Tech,10,75
2007,64,Georgetown,2,80,Belmont,15,55
2007,32,North Carolina,1,81,Michigan State,9,67
2007,32,USC,5,87,Texas,4,68
2007,32,Vanderbilt,6,78,Washington State,3,74
2007,32,Georgetown,2,62,Boston College,7,55
2007,16,North Carolina,1,74,USC,5,64
2007,16,Georgetown,2,66,Vanderbilt,6,65
2007,8,Georgetown,2,96,North Carolina,1,84
2007,64,Ohio State,1,78,Central Connecticut State,16,57
2007,64,Xavier,9,79,BYU,8,77
2007,64,Tennessee,5,121,Long Beach State,12,86
2007,64,Virginia,4,84,Albany,13,57
2007,64,Louisville,6,78,Stanford,11,58
2007,64,Texas A&M,3,68,Penn,14,52
2007,64,Nevada,7,77,Creighton,10,71
2007,64,Memphis,2,73,North Texas,15,58
2007,32,Ohio State,1,78,Xavier,9,71
2007,32,Tennessee,5,77,Virginia,4,74
2007,32,Texas A&M,3,72,Louisville,6,69
2007,32,Memphis,2,78,Nevada,7,62
2007,16,Ohio State,1,85,Tennessee,5,84
2007,16,Memphis,2,65,Texas A&M,3,64
2007,8,Ohio State,1,92,Memphis,2,76
2007,4,Florida,1,76,UCLA,2,66
2007,4,Ohio State,1,67,Georgetown,2,60
2007,2,Florida,1,84,Ohio State,1,75
2006,64,Duke,1,70,Southern,16,54
2006,64,George Washington,8,88,UNC-Wilmington,9,85
2006,64,Texas A&M,12,66,Syracuse,5,58
2006,64,LSU,4,80,Iona,13,64
2006,64,West Virginia,6,64,Southern Illinois,11,46
2006,64,Northwestern State,14,64,Iowa,3,63
2006,64,NC State,10,58,California,7,52
2006,64,Texas,2,60,Pennsylvania,15,52
2006,32,Duke,1,74,George Washington,8,61
2006,32,LSU,4,58,Texas A&M,12,57
2006,32,West Virginia,6,67,Northwestern State,14,54
2006,32,Texas,2,75,NC State,10,54
2006,16,LSU,4,62,Duke,1,54
2006,16,Texas,2,74,West Virginia,6,71
2006,8,LSU,4,70,Texas,2,60
2006,64,Memphis,1,94,Oral Roberts,16,78
2006,64,Bucknell,9,59,Arkansas,8,55
2006,64,Pittsburgh,5,79,Kent State,12,64
2006,64,Bradley,13,77,Kansas,4,73
2006,64,Indiana,6,87,San Diego State,11,83
2006,64,Gonzaga,3,79,Xavier,14,75
2006,64,Alabama,10,90,Marquette,7,85
2006,64,UCLA,2,78,Belmont,15,44
2006,32,Memphis,1,72,Bucknell,9,56
2006,32,Bradley,13,72,Pittsburgh,5,66
2006,32,Gonzaga,3,90,Indiana,6,80
2006,32,UCLA,2,62,Alabama,10,59
2006,16,Memphis,1,80,Bradley,13,64
2006,16,UCLA,2,73,Gonzaga,3,71
2006,8,UCLA,2,50,Memphis,1,45
2006,64,Villanova,1,58,Monmouth,16,45
2006,64,Arizona,8,94,Wisconsin,9,75
2006,64,Montana,12,87,Nevada,5,79
2006,64,Boston College,4,88,Pacific,13,76
2006,64,UW–Milwaukee,11,82,Oklahoma,6,74
2006,64,Florida,3,76,South Alabama,14,50
2006,64,Georgetown,7,54,Northern Iowa,10,49
2006,64,Ohio State,2,70,Davidson,15,62
2006,32,Villanova,1,82,Arizona,8,78
2006,32,Boston College,4,69,Montana,12,56
2006,32,Florida,3,82,UW–Milwaukee,11,60
2006,32,Georgetown,7,70,Ohio State,2,52
2006,16,Villanova,1,60,Boston College,4,59
2006,16,Florida,3,57,Georgetown,7,53
2006,8,Florida,3,75,Villanova,1,62
2006,64,Connecticut,1,72,Albany,16,59
2006,64,Kentucky,8,69,UAB,9,64
2006,64,Washington,5,75,Utah State,12,61
2006,64,Illinois,4,78,Air Force,13,69
2006,64,George Mason,11,75,Michigan State,6,65
2006,64,North Carolina,3,69,Murray State,14,65
2006,64,Wichita State,7,86,Seton Hall,10,66
2006,64,Tennessee,2,63,Winthrop,15,61
2006,32,Connecticut,1,87,Kentucky,8,83
2006,32,Washington,5,67,Illinois,4,64
2006,32,George Mason,11,65,North Carolina,3,60
2006,32,Wichita State,7,80,Tennessee,2,73
2006,16,Connecticut,1,98,Washington,5,92
2006,16,George Mason,11,63,Wichita State,7,55
2006,8,George Mason,11,86,Connecticut,1,84
2006,4,UCLA,2,59,LSU,4,45
2006,4,Florida,3,73,George Mason,11,58
2006,2,Florida,3,73,UCLA,2,57
2005,64,Illinois,1,67,Fairleigh Dickinson,16,55
2005,64,Nevada,9,61,Texas,8,57
2005,64,UW–Milwaukee,12,83,Alabama,5,73
2005,64,Boston College,4,85,Pennsylvania,13,65
2005,64,UAB,11,82,LSU,6,68
2005,64,Arizona,3,66,Utah State,14,53
2005,64,Southern Illinois,7,65,St. Mary's,10,56
2005,64,Oklahoma State,2,63,Southeastern Louisiana,15,50
2005,32,Illinois,1,71,Nevada,9,59
2005,32,UW–Milwaukee,12,83,Boston College,4,75
2005,32,Arizona,3,85,UAB,11,63
2005,32,Oklahoma State,2,85,Southern Illinois,7,77
2005,16,Illinois,1,77,UW–Milwaukee,12,63
2005,16,Arizona,3,79,Oklahoma State,2,78
2005,8,Illinois,1,90,Arizona,3,89
2005,64,Washington,1,88,Montana,16,77
2005,64,Pacific,8,79,Pittsburgh,9,71
2005,64,Georgia Tech,5,80,George Washington,12,68
2005,64,Louisville,4,68,Louisiana-Lafayette,13,62
2005,64,Texas Tech,6,78,UCLA,11,66
2005,64,Gonzaga,3,74,Winthrop,14,64
2005,64,West Virginia,7,63,Creighton,10,61
2005,64,Wake Forest,2,70,UT-Chattanooga,15,54
2005,32,Washington,1,97,Pacific,8,79
2005,32,Louisville,4,76,Georgia Tech,5,54
2005,32,Texas Tech,6,71,Gonzaga,3,69
2005,32,West Virginia,7,111,Wake Forest,2,105
2005,16,Louisville,4,93,Washington,1,79
2005,16,West Virginia,7,65,Texas Tech,6,60
2005,8,Louisville,4,93,West Virginia,7,85
2005,64,North Carolina,1,96,Oakland,16,68
2005,64,Iowa State,9,64,Minnesota,8,53
2005,64,Villanova,5,55,New Mexico,12,47
2005,64,Florida,4,67,Ohio,13,62
2005,64,Wisconsin,6,57,Northern Iowa,11,52
2005,64,Bucknell,14,64,Kansas,3,63
2005,64,NC State,10,75,Charlotte,7,63
2005,64,Connecticut,2,77,UCF,15,71
2005,32,North Carolina,1,92,Iowa State,9,65
2005,32,Villanova,5,76,Florida,4,65
2005,32,Wisconsin,6,71,Bucknell,14,62
2005,32,NC State,10,65,Connecticut,2,62
2005,16,North Carolina,1,67,Villanova,5,66
2005,16,Wisconsin,6,65,NC State,10,56
2005,8,North Carolina,1,88,Wisconsin,6,82
2005,64,Duke,1,57,Delaware State,16,46
2005,64,Mississippi State,9,93,Stanford,8,70
2005,64,Michigan State,5,89,Old Dominion,12,81
2005,64,Vermont,13,60,Syracuse,4,57
2005,64,Utah,6,60,UTEP,11,54
2005,64,Oklahoma,3,84,Niagara,14,67
2005,64,Cincinnati,7,76,Iowa,10,64
2005,64,Kentucky,2,72,Eastern Kentucky,15,64
2005,32,Duke,1,63,Mississippi State,9,55
2005,32,Michigan State,5,72,Vermont,13,61
2005,32,Utah,6,67,Oklahoma,3,58
2005,32,Kentucky,2,69,Cincinnati,7,60
2005,16,Michigan State,5,78,Duke,1,68
2005,16,Kentucky,2,62,Utah,6,52
2005,8,Michigan State,5,94,Kentucky,2,88
2005,4,Illinois,1,72,Louisville,4,57
2005,4,North Carolina,1,87,Michigan State,5,71
2005,2,North Carolina,1,75,Illinois,1,70
2004,64,Saint Joseph's,1,82,Liberty,16,63
2004,64,Texas Tech,8,76,Charlotte,9,73
2004,64,Manhattan,12,75,Florida,5,60
2004,64,Wake Forest,4,79,VCU,13,78
2004,64,Wisconsin,6,76,Richmond,11,64
2004,64,Pittsburgh,3,53,Central Florida,14,44
2004,64,Memphis,7,59,South Carolina,10,43
2004,64,Oklahoma State,2,75,Eastern Washington,15,56
2004,32,Saint Joseph's,1,70,Texas Tech,8,65
2004,32,Wake Forest,4,84,Manhattan,12,80
2004,32,Pittsburgh,3,59,Wisconsin,6,55
2004,32,Oklahoma State,2,70,Memphis,7,53
2004,16,Saint Joseph's,1,84,Wake Forest,4,80
2004,16,Oklahoma State,2,63,Pittsburgh,3,51
2004,8,Oklahoma State,2,64,Saint Joseph's,1,62
2004,64,Kentucky,1,96,Florida A&M,16,76
2004,64,UAB,9,102,Washington,8,100
2004,64,Pacific,12,66,Providence,5,58
2004,64,Kansas,4,78,UIC,13,53
2004,64,Boston College,6,58,Utah,11,51
2004,64,Georgia Tech,3,65,Northern Iowa,14,60
2004,64,Nevada,10,72,Michigan State,7,66
2004,64,Gonzaga,2,76,Valparaiso,15,49
2004,32,UAB,9,76,Kentucky,1,75
2004,32,Kansas,4,78,Pacific,12,63
2004,32,Georgia Tech,3,57,Boston College,6,54
2004,32,Nevada,10,91,Gonzaga,2,72
2004,16,Kansas,4,100,UAB,9,74
2004,16,Georgia Tech,3,72,Nevada,10,67
2004,8,Georgia Tech,3,79,Kansas,4,71
2004,64,Duke,1,96,Alabama State,16,61
2004,64,Seton Hall,8,80,Arizona,9,76
2004,64,Illinois,5,72,Murray State,12,53
2004,64,Cincinnati,4,80,East Tennessee State,13,77
2004,64,North Carolina,6,63,Air Force,11,52
2004,64,Texas,3,66,Princeton,14,49
2004,64,Xavier,7,80,Louisville,10,70
2004,64,Mississippi State,2,85,Monmouth,15,52
2004,32,Duke,1,90,Seton Hall,8,62
2004,32,Illinois,5,92,Cincinnati,4,68
2004,32,Texas,3,78,North Carolina,6,75
2004,32,Xavier,7,89,Mississippi State,2,74
2004,16,Duke,1,72,Illinois,5,62
2004,16,Xavier,7,79,Texas,3,71
2004,8,Duke,1,66,Xavier,7,63
2004,64,Stanford,1,71,UTSA,16,45
2004,64,Alabama,8,65,Southern Illinois,9,64
2004,64,Syracuse,5,80,BYU,12,75
2004,64,Maryland,4,86,UTEP,13,83
2004,64,Vanderbilt,6,71,Western Michigan,11,58
2004,64,NC State,3,61,Louisiana–Lafayette,14,52
2004,64,DePaul,7,76,Dayton,10,69
2004,64,Connecticut,2,70,Vermont,15,53
2004,32,Alabama,8,70,Stanford,1,67
2004,32,Syracuse,5,72,Maryland,4,70
2004,32,Vanderbilt,6,75,North Carolina State,3,73
2004,32,Connecticut,2,72,DePaul,7,55
2004,16,Alabama,8,80,Syracuse,5,71
2004,16,Connecticut,2,73,Vanderbilt,6,53
2004,8,Connecticut,2,87,Alabama,8,71
2004,4,Georgia Tech,3,67,Oklahoma State,2,65
2004,4,Connecticut,2,79,Duke,1,78
2004,2,Connecticut,2,82,Georgia Tech,3,73
2003,64,Oklahoma,1,71,South Carolina State,16,54
2003,64,California,8,76,NC State,9,74
2003,64,Butler,12,47,Mississippi St,5,46
2003,64,Louisville,4,86,Austin Peay,13,64
2003,64,Oklahoma State,6,77,Pennsylvania,11,63
2003,64,Syracuse,3,76,Manhattan,14,65
2003,64,Auburn,10,65,Saint Joseph's,7,63
2003,64,Wake Forest,2,76,East Tennessee State,15,73
2003,32,Oklahoma,1,74,California,8,65
2003,32,Butler,12,79,Louisville,4,71
2003,32,Syracuse,3,68,Oklahoma State,6,56
2003,32,Auburn,10,68,Wake Forest,2,62
2003,16,Oklahoma,1,65,Butler,12,54
2003,16,Syracuse,3,79,Auburn,10,78
2003,8,Syracuse,3,63,Oklahoma,1,47
2003,64,Texas,1,82,UNC Asheville,16,61
2003,64,Purdue,9,80,LSU,8,56
2003,64,Connecticut,5,58,BYU,12,53
2003,64,Stanford,4,77,San Diego,13,69
2003,64,Maryland,6,75,UNC Wilmington,11,73
2003,64,Xavier,3,71,Troy State,14,59
2003,64,Michigan State,7,79,Colorado,10,64
2003,64,Florida,2,85,Sam Houston State,15,55
2003,32,Texas,1,77,Purdue,9,67
2003,32,Connecticut,5,85,Stanford,4,74
2003,32,Maryland,6,77,Xavier,3,64
2003,32,Michigan State,7,68,Florida,2,46
2003,16,Texas,1,82,Connecticut,5,78
2003,16,Michigan State,7,60,Maryland,6,58
2003,8,Texas,1,85,Michigan State,7,76
2003,64,Kentucky,1,95,IUPUI,16,64
2003,64,Utah,9,60,Oregon,8,58
2003,64,Wisconsin,5,81,Weber State,12,74
2003,64,Tulsa,13,84,Dayton,4,71
2003,64,Missouri,6,72,Southern Illinois,11,71
2003,64,Marquette,3,72,Holy Cross,14,68
2003,64,Indiana,7,67,Alabama,10,62
2003,64,Pittsburgh,2,87,Wagner,15,61
2003,32,Kentucky,1,74,Utah,9,54
2003,32,Wisconsin,5,61,Tulsa,13,60
2003,32,Marquette,3,101,Missouri,6,92
2003,32,Pittsburgh,2,74,Indiana,7,52
2003,16,Kentucky,1,63,Wisconsin,5,57
2003,16,Marquette,3,77,Pittsburgh,2,74
2003,8,Marquette,3,83,Kentucky,1,69
2003,64,Arizona,1,80,Vermont,16,51
2003,64,Gonzaga,9,74,Cincinnati,8,69
2003,64,Notre Dame,5,70,Milwaukee,12,69
2003,64,Illinois,4,65,Western Kentucky,13,60
2003,64,Central Michigan,11,79,Creighton,6,73
2003,64,Duke,3,67,Colorado State,14,57
2003,64,Arizona State,10,84,Memphis,7,71
2003,64,Kansas,2,64,Utah State,15,61
2003,32,Arizona,1,96,Gonzaga,9,95
2003,32,Notre Dame,5,68,Illinois,4,60
2003,32,Duke,3,68,Central Michigan,11,60
2003,32,Kansas,2,108,Arizona State,10,76
2003,16,Arizona,1,88,Notre Dame,5,71
2003,16,Kansas,2,69,Duke,3,65
2003,8,Kansas,2,78,Arizona,1,75
2003,4,Syracuse,3,95,Texas,1,84
2003,4,Kansas,2,94,Marquette,3,61
2003,2,Syracuse,3,81,Kansas,2,78
2002,64,Maryland,1,85,Siena,16,70
2002,64,Wisconsin,8,80,St. John's,9,70
2002,64,Tulsa,12,71,Marquette,5,69
2002,64,Kentucky,4,83,Valparaiso,13,68
2002,64,Southern Illinois,11,76,Texas Tech,6,68
2002,64,Georgia,3,85,Murray State,14,68
2002,64,NC State,7,69,Michigan State,10,58
2002,64,Connecticut,2,78,Hampton,15,67
2002,32,Maryland,1,87,Wisconsin,8,57
2002,32,Kentucky,4,87,Tulsa,12,82
2002,32,Southern Illinois,11,77,Georgia,3,75
2002,32,Connecticut,2,77,NC State,7,74
2002,16,Maryland,1,78,Kentucky,4,68
2002,16,Connecticut,2,71,Southern Illinois,11,59
2002,8,Maryland,1,90,Connecticut,2,82
2002,64,Kansas,1,70,Holy Cross,16,59
2002,64,Stanford,8,84,Western Kentucky,9,68
2002,64,Creighton,12,83,Florida,5,82
2002,64,Illinois,4,93,San Diego State,13,64
2002,64,Texas,6,70,Boston College,11,57
2002,64,Mississippi State,3,70,McNeese State,14,58
2002,64,Wake Forest,7,83,Pepperdine,10,74
2002,64,Oregon,2,81,Montana,15,62
2002,32,Kansas,1,86,Stanford,8,63
2002,32,Illinois,4,72,Creighton,12,60
2002,32,Texas,6,68,Mississippi State,3,64
2002,32,Oregon,2,92,Wake Forest,7,87
2002,16,Kansas,1,73,Illinois,4,69
2002,16,Oregon,2,72,Texas,6,70
2002,8,Kansas,1,104,Oregon,2,86
2002,64,Duke,1,84,Winthrop,16,37
2002,64,Notre Dame,8,82,Charlotte,9,63
2002,64,Indiana,5,75,Utah,12,56
2002,64,UNC Wilmington,13,93,USC,4,89
2002,64,California,6,82,Pennsylvania,11,75
2002,64,Pittsburgh,3,71,Central Connecticut State,14,54
2002,64,Kent State,10,69,Oklahoma State,7,61
2002,64,Alabama,2,86,Florida Atlantic,15,78
2002,32,Duke,1,84,Notre Dame,8,77
2002,32,Indiana,5,76,UNC Wilmington,13,67
2002,32,Pittsburgh,3,63,California,6,50
2002,32,Kent State,10,71,Alabama,2,58
2002,16,Indiana,5,74,Duke,1,73
2002,16,Kent State,10,78,Pittsburgh,3,73
2002,8,Indiana,5,81,Kent State,10,69
2002,64,Cincinnati,1,90,Boston University,16,52
2002,64,UCLA,8,80,Ole Miss,9,58
2002,64,Missouri,12,93,Miami (FL),5,80
2002,64,,4,69,Davidson,13,64
2002,64,Wyoming,11,73,Gonzaga,6,66
2002,64,Arizona,3,86,UC-Santa Barbara,14,81
2002,64,Xavier,7,70,Hawaii,10,58
2002,64,Oklahoma,2,71,Illinois-Chicago,15,63
2002,32,UCLA,8,105,Cincinnati,1,101
2002,32,Missouri,12,83,,4,67
2002,32,Arizona,3,68,Wyoming,11,60
2002,32,Oklahoma,2,78,Xavier,7,65
2002,16,Missouri,12,82,UCLA,8,73
2002,16,Oklahoma,2,88,Arizona,3,67
2002,8,Oklahoma,2,81,Missouri,12,75
2002,4,Maryland,1,97,Kansas,1,88
2002,4,Indiana,5,73,Oklahoma,2,64
2002,2,Maryland,1,64,Indiana,5,52
2001,64,Duke,1,95,Monmouth,16,52
2001,64,Missouri,9,70,Georgia,8,68
2001,64,Utah State,12,77,,5,68
2001,64,UCLA,4,61,Hofstra,13,48
2001,64,USC,6,69,Oklahoma State,11,54
2001,64,Boston College,3,68,Southern Utah,14,65
2001,64,Iowa,7,69,Creighton,10,56
2001,64,Kentucky,2,72,Holy Cross,15,68
2001,32,Duke,1,94,Missouri,9,81
2001,32,UCLA,4,75,Utah State,12,50
2001,32,USC,6,74,Boston College,3,71
2001,32,Kentucky,2,92,Iowa,7,79
2001,16,Duke,1,76,UCLA,4,63
2001,16,USC,6,80,Kentucky,2,76
2001,8,Duke,1,79,USC,6,69
2001,64,Stanford,1,88,UNC-Greensboro,16,60
2001,64,Saint Joseph's,9,66,Georgia Tech,8,62
2001,64,Cincinnati,5,84,BYU,12,59
2001,64,Kent State,13,77,Indiana,4,73
2001,64,Georgia State,11,50,Wisconsin,6,49
2001,64,Maryland,3,83,George Mason,14,80
2001,64,Georgetown,10,63,Arkansas,7,61
2001,64,Hampton,15,58,Iowa State,2,57
2001,32,Stanford,1,90,Saint Joseph's,9,83
2001,32,Cincinnati,5,66,Kent State,13,43
2001,32,Maryland,3,79,Georgia State,11,60
2001,32,Georgetown,10,76,Hampton,15,57
2001,16,Stanford,1,78,Cincinnati,5,65
2001,16,Maryland,3,76,Georgetown,10,66
2001,8,Maryland,3,87,Stanford,1,73
2001,64,Michigan State,1,69,Alabama State,16,35
2001,64,Fresno State,9,82,California,8,70
2001,64,Gonzaga,12,86,Virginia,5,85
2001,64,Indiana State,13,70,Oklahoma,4,68
2001,64,Temple,11,79,Texas,6,65
2001,64,Florida,3,69,Western Kentucky,14,56
2001,64,Penn State,7,69,Providence,10,59
2001,64,North Carolina,2,70,Princeton,15,48
2001,32,Michigan State,1,81,Fresno State,9,65
2001,32,Gonzaga,12,85,Indiana State,13,68
2001,32,Temple,11,75,Florida,3,54
2001,32,Penn State,7,82,North Carolina,2,74
2001,16,Michigan State,1,77,Gonzaga,12,62
2001,16,Temple,11,84,Penn State,7,72
2001,8,Michigan State,1,69,Temple,11,62
2001,64,Illinois,1,96,Northwestern State,16,54
2001,64,Charlotte,9,70,Tennessee,8,63
2001,64,Syracuse,5,79,Hawaii,12,69
2001,64,Kansas,4,99,Cal State Northridge,13,75
2001,64,Notre Dame,6,83,Xavier,11,71
2001,64,Ole Miss,3,72,Iona,14,70
2001,64,Butler,10,79,Wake Forest,7,63
2001,64,Arizona,2,101,Eastern Illinois,15,76
2001,32,Illinois,1,79,Charlotte,9,61
2001,32,Kansas,4,87,Syracuse,5,58
2001,32,Ole Miss,3,59,Notre Dame,6,56
2001,32,Arizona,2,73,Butler,10,52
2001,16,Illinois,1,80,Kansas,4,64
2001,16,Arizona,2,66,Ole Miss,3,56
2001,8,Arizona,2,87,Illinois,1,81
2001,4,Duke,1,95,Maryland,3,84
2001,4,Arizona,2,80,Michigan State,1,61
2001,2,Duke,1,82,Arizona,2,72
2000,64,Duke,1,82,Lamar,16,55
2000,64,Kansas,8,81,DePaul,9,77
2000,64,Florida,5,69,Butler,12,68
2000,64,Illinois,4,68,Pennsylvania,13,58
2000,64,Pepperdine,11,77,Indiana,6,57
2000,64,Oklahoma State,3,86,Hofstra,14,66
2000,64,Seton Hall,10,72,Oregon,7,71
2000,64,Temple,2,73,Lafayette,15,47
2000,32,Duke,1,69,Kansas,8,64
2000,32,Florida,5,93,Illinois,4,76
2000,32,Oklahoma State,3,75,Pepperdine,11,67
2000,32,Seton Hall,10,67,Temple,2,65
2000,16,Florida,5,87,Duke,1,78
2000,16,Oklahoma State,3,68,Seton Hall,10,66
2000,8,Florida,5,77,Oklahoma State,3,65
2000,64,Stanford,1,84,South Carolina State,16,65
2000,64,North Carolina,8,84,Missouri,9,70
2000,64,Connecticut,5,75,Utah State,12,67
2000,64,Tennessee,4,63,Louisiana-Lafayette,13,58
2000,64,Miami (FL),6,75,Arkansas,11,71
2000,64,,3,87,Appalachian State,14,61
2000,64,Tulsa,7,89,UNLV,10,62
2000,64,Cincinnati,2,64,UNC Wilmington,15,47
2000,32,North Carolina,8,60,Stanford,1,53
2000,32,Tennessee,4,65,Connecticut,5,51
2000,32,Miami (FL),6,75,,3,62
2000,32,Tulsa,7,69,Cincinnati,2,61
2000,16,North Carolina,8,74,Tennessee,4,69
2000,16,Tulsa,7,80,Miami (FL),6,71
2000,8,North Carolina,8,59,Tulsa,7,55
2000,64,Michigan State,1,65,Valparaiso,16,38
2000,64,Utah,8,48,St. Louis,9,45
2000,64,Kentucky,5,85,St. Bonaventure,12,80
2000,64,Syracuse,4,79,Samford,13,65
2000,64,UCLA,6,65,Ball State,11,57
2000,64,Maryland,3,74,Iona,14,59
2000,64,Auburn,7,72,Creighton,10,69
2000,64,Iowa State,2,88,Central Connecticut St,15,78
2000,32,Michigan State,1,73,Utah,8,61
2000,32,Syracuse,4,52,Kentucky,5,50
2000,32,UCLA,6,105,Maryland,3,70
2000,32,Iowa State,2,79,Auburn,7,60
2000,16,Michigan State,1,75,Syracuse,4,58
2000,16,Iowa State,2,80,UCLA,6,56
2000,8,Michigan State,1,75,Iowa State,2,64
2000,64,Arizona,1,71,Jackson St.,16,47
2000,64,Wisconsin,8,66,Fresno St.,9,56
2000,64,Texas,5,77,Indiana St.,12,61
2000,64,LSU,4,64,Southeast Missouri St.,13,61
2000,64,Purdue,6,62,Dayton,11,61
2000,64,Oklahoma,3,74,Winthrop,14,50
2000,64,Gonzaga,10,77,Louisville,7,66
2000,64,St John's,2,61,Northern Arizona,15,56
2000,32,Wisconsin,8,66,Arizona,1,59
2000,32,LSU,4,72,Texas,5,67
2000,32,Purdue,6,66,Oklahoma,3,62
2000,32,Gonzaga,10,82,St John's,2,76
2000,16,Wisconsin,8,61,LSU,4,48
2000,16,Purdue,6,75,Gonzaga,10,66
2000,8,Wisconsin,8,64,Purdue,6,60
2000,4,Florida,5,71,North Carolina,8,59
2000,4,Michigan State,1,53,Wisconsin,8,41
2000,2,Michigan State,1,89,Florida,5,76
1999,64,Duke,1,99,Florida A&M,16,58
1999,64,Tulsa,9,62,College of Charleston,8,53
1999,64,SW Missouri St.,12,43,Wisconsin,5,32
1999,64,Tennessee,4,62,Delaware,13,52
1999,64,Temple,6,61,Kent St.,11,54
1999,64,Cincinnati,3,72,George Mason,14,48
1999,64,Purdue,10,58,Texas,7,54
1999,64,Miami-FL,2,75,Lafayette,15,54
1999,32,Duke,1,97,Tulsa,9,56
1999,32,SW Missouri St.,12,81,Tennessee,4,51
1999,32,Temple,6,64,Cincinnati,3,54
1999,32,Purdue,10,73,Miami-FL,2,63
1999,16,Duke,1,78,SW Missouri St.,12,61
1999,16,Temple,6,77,Purdue,10,55
1999,8,Duke,1,85,Temple,6,64
1999,64,Michigan State,1,76,Mount St. Mary's,16,53
1999,64,Ole Miss,9,72,Villanova,8,70
1999,64,Charlotte,5,81,Rhode Island,12,70
1999,64,Oklahoma,13,61,Arizona,4,60
1999,64,Kansas,6,95,Evansville,11,74
1999,64,Kentucky,3,82,New Mexico State,14,60
1999,64,Miami-OH,10,59,Washington,7,58
1999,64,Utah,2,80,Arkansas State,15,58
1999,32,Michigan State,1,74,Ole Miss,9,66
1999,32,Oklahoma,13,85,Charlotte,5,72
1999,32,Kentucky,3,92,Kansas,6,88
1999,32,Miami-OH,10,66,Utah,2,58
1999,16,Michigan State,1,54,Oklahoma,13,46
1999,16,Kentucky,3,58,Miami-OH,10,43
1999,8,Michigan State,1,73,Kentucky,3,66
1999,64,Auburn,1,80,Winthrop,16,41
1999,64,Oklahoma State,9,69,Syracuse,8,61
1999,64,Detroit Mercy,12,56,UCLA,5,53
1999,64,,4,72,Murray State,13,58
1999,64,Indiana,6,108,George Washington,11,88
1999,64,St. John's,3,69,Samford,14,43
1999,64,Creighton,10,62,Louisville,7,58
1999,64,Maryland,2,82,Valparaiso,15,60
1999,32,Auburn,1,81,Oklahoma State,9,74
1999,32,,4,75,Detroit Mercy,12,44
1999,32,St. John's,3,86,Indiana,6,61
1999,32,Maryland,2,75,Creighton,10,63
1999,16,,4,72,Auburn,1,64
1999,16,St. John's,3,76,Maryland,2,62
1999,8,,4,77,St. John's,3,74
1999,64,Connecticut,1,91,UTSA,16,66
1999,64,New Mexico,9,61,Missouri,8,59
1999,64,Iowa,5,77,UAB,12,64
1999,64,Arkansas,4,94,Siena,13,80
1999,64,Florida,6,75,Pennsylvania,11,61
1999,64,Weber State,14,76,North Carolina,3,74
1999,64,Gonzaga,10,75,Minnesota,7,63
1999,64,Stanford,2,69,Alcorn State,15,57
1999,32,Connecticut,1,78,New Mexico,9,56
1999,32,Iowa,5,82,Arkansas,4,72
1999,32,Florida,6,82,Weber State,14,74
1999,32,Gonzaga,10,82,Stanford,2,74
1999,16,Connecticut,1,78,Iowa,5,68
1999,16,Gonzaga,10,73,Florida,6,72
1999,8,Connecticut,1,67,Gonzaga,10,62
1999,4,Duke,1,68,Michigan State,1,62
1999,4,Connecticut,1,64,,4,58
1999,2,Connecticut,1,77,Duke,1,74
1998,64,North Carolina,1,88,Navy,16,52
1998,64,Charlotte,8,77,UIC,9,62
1998,64,Princeton,5,69,UNLV,12,57
1998,64,Michigan State,4,83,Eastern Michigan,13,71
1998,64,Washington,11,69,Xavier,6,68
1998,64,Richmond,14,62,South Carolina,3,61
1998,64,Indiana,7,94,Oklahoma,10,87
1998,64,Connecticut,2,93,Fairleigh Dickinson,15,85
1998,32,North Carolina,1,93,Charlotte,8,83
1998,32,Michigan State,4,63,Princeton,5,56
1998,32,Washington,11,81,Richmond,14,66
1998,32,Connecticut,2,78,Indiana,7,68
1998,16,North Carolina,1,73,Michigan State,4,58
1998,16,Connecticut,2,75,Washington,11,74
1998,8,North Carolina,1,75,Connecticut,2,64
1998,64,Arizona,1,99,Nicholls State,16,60
1998,64,Illinois State,9,82,Tennessee,8,81
1998,64,Illinois,5,64,South Alabama,12,51
1998,64,Maryland,4,82,Utah State,13,68
1998,64,Arkansas,6,74,Nebraska,11,65
1998,64,Utah,3,85,San Francisco,14,68
1998,64,West Virginia,10,82,Temple,7,52
1998,64,Cincinnati,2,65,Northern Arizona,15,62
1998,32,Arizona,1,82,Illinois State,9,49
1998,32,Maryland,4,67,Illinois,5,61
1998,32,Utah,3,75,Arkansas,6,69
1998,32,West Virginia,10,75,Cincinnati,2,74
1998,16,Arizona,1,87,Maryland,4,79
1998,16,Utah,3,65,West Virginia,10,62
1998,8,Utah,3,76,Arizona,1,51
1998,64,Duke,1,99,Radford,16,63
1998,64,Oklahoma State,8,74,George Washington,9,59
1998,64,Syracuse,5,63,Iona,12,61
1998,64,New Mexico,4,79,Butler,13,62
1998,64,UCLA,6,65,Miami (FL),11,62
1998,64,,3,80,Davidson,14,61
1998,64,Saint Louis,10,51,Massachusetts,7,46
1998,64,Kentucky,2,82,South Carolina State,15,67
1998,32,Duke,1,79,Oklahoma State,8,73
1998,32,Syracuse,5,56,New Mexico,4,46
1998,32,UCLA,6,85,,3,82
1998,32,Kentucky,2,88,Saint Louis,10,61
1998,16,Duke,1,80,Syracuse,5,67
1998,16,Kentucky,2,94,UCLA,6,68
1998,8,Kentucky,2,86,Duke,1,84
1998,64,Kansas,1,110,Prairie View A&M,16,52
1998,64,Rhode Island,8,97,Murray State,9,74
1998,64,Florida State,12,96,TCU,5,87
1998,64,Valparaiso,13,70,Ole Miss,4,69
1998,64,Western Michigan,11,75,Clemson,6,72
1998,64,Stanford,3,67,College of Charleston,14,57
1998,64,Detroit,10,66,St. John's,7,64
1998,64,Purdue,2,95,Delaware,15,56
1998,32,Rhode Island,8,80,Kansas,1,75
1998,32,Valparaiso,13,83,Florida State,12,77
1998,32,Stanford,3,83,Western Michigan,11,65
1998,32,Purdue,2,80,Detroit,10,65
1998,16,Rhode Island,8,74,Valparaiso,13,68
1998,16,Stanford,3,67,Purdue,2,59
1998,8,Stanford,3,79,Rhode Island,8,77
1998,4,Utah,3,65,North Carolina,1,59
1998,4,Kentucky,2,86,Stanford,3,85
1998,2,Kentucky,2,78,Utah,3,69
1997,64,North Carolina,1,82,Fairfield,16,74
1997,64,Colorado,9,80,Indiana,8,62
1997,64,California,5,55,Princeton,12,52
1997,64,Villanova,4,101,Long Island,13,91
1997,64,Louisville,6,65,Massachusetts,11,57
1997,64,New Mexico,3,59,Old Dominion,14,55
1997,64,Texas,10,71,Wisconsin,7,58
1997,64,Coppin State,15,78,South Carolina,2,65
1997,32,North Carolina,1,73,Colorado,9,56
1997,32,California,5,75,Villanova,4,68
1997,32,Louisville,6,64,New Mexico,3,63
1997,32,Texas,10,82,Coppin State,15,81
1997,16,North Carolina,1,63,California,5,57
1997,16,Louisville,6,78,Texas,10,63
1997,8,North Carolina,1,97,Louisville,6,74
1997,64,Kansas,1,78,Jackson State,16,64
1997,64,Purdue,8,83,Rhode Island,9,76
1997,64,College of Charleston,12,75,Maryland,5,66
1997,64,Arizona,4,65,South Alabama,13,57
1997,64,Illinois,6,90,USC,11,77
1997,64,Chattanooga,14,73,Georgia,3,70
1997,64,Providence,10,81,Marquette,7,59
1997,64,Duke,2,71,Murray State,15,68
1997,32,Kansas,1,75,Purdue,8,61
1997,32,Arizona,4,73,College of Charleston,12,69
1997,32,Chattanooga,14,75,Illinois,6,63
1997,32,Providence,10,98,Duke,2,87
1997,16,Arizona,4,85,Kansas,1,82
1997,16,Providence,10,71,Chattanooga,14,65
1997,8,Arizona,4,96,Providence,10,92
1997,64,,1,78,Southwest Texas State,16,46
1997,64,Temple,9,62,Ole Miss,8,40
1997,64,Tulsa,5,81,Boston University,12,52
1997,64,Clemson,4,68,Miami (OH),13,56
1997,64,Iowa State,6,69,Illinois State,11,57
1997,64,Cincinnati,3,86,Butler,14,69
1997,64,Xavier,7,80,Vanderbilt,10,68
1997,64,UCLA,2,109,Charleston Southern,15,75
1997,32,,1,76,Temple,9,57
1997,32,Clemson,4,65,Tulsa,5,59
1997,32,Iowa State,6,67,Cincinnati,3,66
1997,32,UCLA,2,96,Xavier,7,83
1997,16,,1,90,Clemson,4,84
1997,16,UCLA,2,74,Iowa State,6,73
1997,8,,1,80,UCLA,2,72
1997,64,Kentucky,1,92,Montana,16,54
1997,64,Iowa,8,73,Virginia,9,60
1997,64,Boston College,5,73,Valparaiso,12,66
1997,64,Saint Joseph's,4,75,Pacific,13,65
1997,64,Stanford,6,80,Oklahoma,11,67
1997,64,Wake Forest,3,68,Saint Mary's,14,46
1997,64,Charlotte,7,79,Georgetown,10,67
1997,64,Utah,2,75,Navy,15,61
1997,32,Kentucky,1,75,Iowa,8,69
1997,32,Saint Joseph's,4,81,Boston College,5,77
1997,32,Stanford,6,72,Wake Forest,3,66
1997,32,Utah,2,77,Charlotte,7,58
1997,16,Kentucky,1,83,Saint Joseph's,4,68
1997,16,Utah,2,82,Stanford,6,77
1997,8,Kentucky,1,72,Utah,2,59
1997,4,Arizona,4,66,North Carolina,1,58
1997,4,Kentucky,1,78,,1,69
1997,2,Arizona,4,84,Kentucky,1,79
1996,64,,1,92,UCF,16,70
1996,64,Stanford,9,66,Bradley,8,58
1996,64,Arkansas,12,86,Penn State,5,80
1996,64,Marquette,4,68,Monmouth,13,44
1996,64,North Carolina,6,83,New Orleans,11,62
1996,64,Texas Tech,3,74,Northern Illinois,14,73
1996,64,New Mexico,7,69,Kansas State,10,48
1996,64,Georgetown,2,93,Mississippi Valley State,15,56
1996,32,,1,79,Stanford,9,74
1996,32,Arkansas,12,65,Marquette,4,56
1996,32,Texas Tech,3,92,North Carolina,6,73
1996,32,Georgetown,2,75,New Mexico,7,65
1996,16,,1,79,Arkansas,12,63
1996,16,Georgetown,2,98,Texas Tech,3,90
1996,8,,1,86,Georgetown,2,62
1996,64,Kentucky,1,110,San Jose State,16,72
1996,64,Virginia Tech,9,61,UW–Green Bay,8,49
1996,64,Iowa State,5,74,California,12,64
1996,64,Utah,4,72,Canisius,13,43
1996,64,Louisville,6,82,Tulsa,11,80
1996,64,Villanova,3,92,Portland,14,58
1996,64,Texas,10,80,,7,76
1996,64,Wake Forest,2,62,Northeast Louisiana,15,50
1996,32,Kentucky,1,84,Virginia Tech,9,60
1996,32,Utah,4,73,Iowa State,5,67
1996,32,Louisville,6,68,Villanova,3,64
1996,32,Wake Forest,2,65,Texas,10,62
1996,16,Kentucky,1,101,Utah,4,70
1996,16,Wake Forest,2,60,Louisville,6,59
1996,8,Kentucky,1,83,Wake Forest,2,63
1996,64,Connecticut,1,68,Colgate,16,59
1996,64,Eastern Michigan,9,75,Duke,8,60
1996,64,Mississippi State,5,58,VCU,12,51
1996,64,Princeton,13,43,UCLA,4,41
1996,64,Boston College,11,64,Indiana,6,51
1996,64,Georgia Tech,3,90,Austin Peay,14,79
1996,64,Temple,7,61,Oklahoma,10,43
1996,64,Cincinnati,2,66,UNC Greensboro,15,61
1996,32,Connecticut,1,95,Eastern Michigan,9,81
1996,32,Mississippi State,5,63,Princeton,13,41
1996,32,Georgia Tech,3,103,Boston College,11,89
1996,32,Cincinnati,2,78,Temple,7,65
1996,16,Mississippi State,5,60,Connecticut,1,55
1996,16,Cincinnati,2,87,Georgia Tech,3,70
1996,8,Mississippi State,5,73,Cincinnati,2,63
1996,64,Purdue,1,73,Western Carolina,16,71
1996,64,Georgia,8,81,Clemson,9,74
1996,64,Drexel,12,75,Memphis,5,63
1996,64,Syracuse,4,88,Montana State,13,55
1996,64,Iowa,6,81,George Washington,11,79
1996,64,Arizona,3,90,Valparaiso,14,51
1996,64,Santa Clara,10,91,Maryland,7,79
1996,64,Kansas,2,92,South Carolina State,15,54
1996,32,Georgia,8,76,Purdue,1,69
1996,32,Syracuse,4,69,Drexel,12,58
1996,32,Arizona,3,87,Iowa,6,73
1996,32,Kansas,2,76,Santa Clara,10,51
1996,16,Syracuse,4,83,Georgia,8,81
1996,16,Kansas,2,83,Arizona,3,80
1996,8,Syracuse,4,60,Kansas,2,57
1996,4,Kentucky,1,81,,1,74
1996,4,Syracuse,4,77,Mississippi State,5,69
1996,2,Kentucky,1,76,Syracuse,4,67
1995,64,Wake Forest,1,79,North Carolina A&T,16,47
1995,64,Saint Louis,9,64,Minnesota#,8,61
1995,64,Alabama,5,91,Penn,12,85
1995,64,Oklahoma State,4,73,Drexel,13,49
1995,64,Tulsa,6,68,Illinois,11,62
1995,64,Old Dominion,14,89,Villanova,3,81
1995,64,Stanford,10,70,UNC Charlotte,7,68
1995,64,Massachusetts,2,68,Saint Peter's,15,51
1995,32,Wake Forest,1,64,Saint Louis,9,59
1995,32,Oklahoma State,4,66,Alabama,5,52
1995,32,Tulsa,6,64,Old Dominion,14,52
1995,32,Massachusetts,2,75,Stanford,10,53
1995,16,Oklahoma State,4,71,Wake Forest,1,66
1995,16,Massachusetts,2,76,Tulsa,6,51
1995,8,Oklahoma State,4,68,Massachusetts,2,54
1995,64,UCLA,1,92,FIU,16,56
1995,64,Missouri,8,65,Indiana,9,60
1995,64,Mississippi State,5,75,Santa Clara,12,67
1995,64,Utah,4,76,Long Beach State,13,64
1995,64,Texas,11,90,Oregon,6,73
1995,64,Maryland,3,87,Gonzaga,14,63
1995,64,Cincinnati,7,77,Temple,10,71
1995,64,Connecticut,2,100,Chattanooga,15,71
1995,32,UCLA,1,75,Missouri,8,74
1995,32,Mississippi State,5,78,Utah,4,64
1995,32,Maryland,3,82,Texas,11,68
1995,32,Connecticut,2,96,Cincinnati,7,91
1995,16,UCLA,1,86,Mississippi State,5,67
1995,16,Connecticut,2,99,Maryland,3,89
1995,8,UCLA,1,102,Connecticut,2,96
1995,64,Kentucky,1,113,Mount St. Mary's,16,67
1995,64,Tulane,9,76,BYU,8,70
1995,64,Arizona State,5,81,Ball State,12,66
1995,64,Manhattan,13,77,Oklahoma,4,67
1995,64,Georgetown,6,68,Xavier,11,63
1995,64,Weber State,14,79,Michigan State,3,72
1995,64,Iowa State,7,64,Florida,10,61
1995,64,North Carolina,2,80,Murray State,15,70
1995,32,Kentucky,1,82,Tulane,9,60
1995,32,Arizona State,5,64,Manhattan,13,54
1995,32,Georgetown,6,53,Weber State,14,51
1995,32,North Carolina,2,73,Iowa State,7,51
1995,16,Kentucky,1,97,Arizona State,5,73
1995,16,North Carolina,2,74,Georgetown,6,64
1995,8,North Carolina,2,74,Kentucky,1,61
1995,64,Kansas,1,82,Colgate,16,68
1995,64,Western Kentucky,8,82,Michigan,9,76
1995,64,Miami (OH),12,71,Arizona,5,62
1995,64,Virginia,4,96,Nicholls State,13,72
1995,64,Memphis,6,77,Louisville,11,56
1995,64,Purdue,3,49,UW–Green Bay,14,48
1995,64,Syracuse,7,96,Southern Illinois,10,92
1995,64,Arkansas,2,79,Texas Southern,15,78
1995,32,Kansas,1,75,Western Kentucky,8,70
1995,32,Virginia,4,60,Miami (OH),12,54
1995,32,Memphis,6,75,Purdue,3,73
1995,32,Arkansas,2,96,Syracuse,7,94
1995,16,Virginia,4,67,Kansas,1,58
1995,16,Arkansas,2,96,Memphis,6,91
1995,8,Arkansas,2,68,Virginia,4,61
1995,4,UCLA,1,74,Oklahoma State,4,61
1995,4,Arkansas,2,75,North Carolina,2,68
1995,2,UCLA,1,89,Arkansas,2,78
1994,64,North Carolina,1,71,Liberty,16,51
1994,64,Boston College,9,67,Washington State,8,64
1994,64,Indiana,5,84,Ohio,12,72
1994,64,Temple,4,61,Drexel,13,39
1994,64,Penn,11,90,Nebraska,6,80
1994,64,Florida,3,64,James Madison,14,62
1994,64,George Washington,10,51,UAB,7,46
1994,64,Connecticut,2,64,Rider,15,46
1994,32,Boston College,9,75,North Carolina,1,72
1994,32,Indiana,5,67,Temple,4,58
1994,32,Florida,3,70,Penn,11,58
1994,32,Connecticut,2,75,George Washington,10,63
1994,16,Boston College,9,77,Indiana,5,68
1994,16,Florida,3,69,Connecticut,2,60
1994,8,Florida,3,74,Boston College,9,66
1994,64,Purdue,1,98,UCF,16,67
1994,64,Alabama,9,76,Providence,8,70
1994,64,Wake Forest,5,68,College of Charleston,12,58
1994,64,Kansas,4,102,Chattanooga,13,73
1994,64,Marquette,6,81,Southwest Louisiana,11,59
1994,64,Kentucky,3,83,Tennessee State,14,70
1994,64,Michigan State,7,84,Seton Hall,10,73
1994,64,Duke,2,82,Texas Southern,15,70
1994,32,Purdue,1,83,Alabama,9,73
1994,32,Kansas,4,69,Wake Forest,5,58
1994,32,Marquette,6,75,Kentucky,3,63
1994,32,Duke,2,85,Michigan State,7,74
1994,16,Purdue,1,83,Kansas,4,78
1994,16,Duke,2,59,Marquette,6,49
1994,8,Duke,2,69,Purdue,1,60
1994,64,Arkansas,1,94,North Carolina A&T,16,79
1994,64,Georgetown,9,84,Illinois,8,77
1994,64,Tulsa,12,112,UCLA,5,102
1994,64,Oklahoma State,4,65,New Mexico State,13,55
1994,64,Texas,6,91,Western Kentucky,11,77
1994,64,Michigan,3,78,Pepperdine,14,74
1994,64,Maryland,10,74,Saint Louis,7,66
1994,64,Massachusetts,2,78,Southwest Texas State,15,60
1994,32,Arkansas,1,85,Georgetown,9,73
1994,32,Tulsa,12,82,Oklahoma State,4,80
1994,32,Michigan,3,84,Texas,6,79
1994,32,Maryland,10,95,Massachusetts,2,87
1994,16,Arkansas,1,103,Tulsa,12,84
1994,16,Michigan,3,78,Maryland,10,71
1994,8,Arkansas,1,76,Michigan,3,68
1994,64,Missouri,1,76,Navy,16,53
1994,64,Wisconsin,9,80,Cincinnati,8,72
1994,64,UW–Green Bay,12,61,California,5,57
1994,64,Syracuse,4,92,Hawaii,13,78
1994,64,,6,74,Southern Illinois,11,60
1994,64,Louisville,3,67,Boise State,14,58
1994,64,Virginia,7,57,New Mexico,10,54
1994,64,Arizona,2,81,Loyola (MD),15,55
1994,32,Missouri,1,109,Wisconsin,9,96
1994,32,Syracuse,4,64,UW–Green Bay,12,59
1994,32,Louisville,3,60,,6,55
1994,32,Arizona,2,71,Virginia,7,58
1994,16,Missouri,1,98,Syracuse,4,88
1994,16,Arizona,2,82,Louisville,3,70
1994,8,Arizona,2,92,Missouri,1,72
1994,4,Duke,2,70,Florida,3,65
1994,4,Arkansas,1,91,Arizona,2,82
1994,2,Arkansas,1,76,Duke,2,72
1993,64,North Carolina,1,85,East Carolina,16,65
1993,64,Rhode Island,8,74,Purdue,9,68
1993,64,St. John's,5,85,Texas Tech,12,67
1993,64,Arkansas,4,94,Holy Cross,13,64
1993,64,Virginia,6,78,Manhattan,11,66
1993,64,Massachusetts,3,54,Pennsylvania,14,50
1993,64,New Mexico State,7,93,Nebraska,10,79
1993,64,Cincinnati,2,93,Coppin State,15,66
1993,32,North Carolina,1,112,Rhode Island,8,67
1993,32,Arkansas,4,80,St. John's,5,74
1993,32,Virginia,6,71,Massachusetts,3,56
1993,32,Cincinnati,2,92,New Mexico State,7,55
1993,16,North Carolina,1,80,Arkansas,4,74
1993,16,Cincinnati,2,71,Virginia,6,54
1993,8,North Carolina,1,75,Cincinnati,2,68
1993,64,Indiana,1,97,Wright State,16,54
1993,64,Xavier,9,73,New Orleans,8,55
1993,64,Oklahoma State,5,74,Marquette,12,62
1993,64,Louisville,4,76,Delaware,13,70
1993,64,California,6,66,LSU,11,64
1993,64,Duke,3,105,Southern Illinois,14,70
1993,64,BYU,7,80,SMU,10,71
1993,64,Kansas,2,94,Ball State,15,72
1993,32,Indiana,1,73,Xavier,9,70
1993,32,Louisville,4,78,Oklahoma State,5,63
1993,32,California,6,82,Duke,3,77
1993,32,Kansas,2,90,BYU,7,76
1993,16,Indiana,1,82,Louisville,4,69
1993,16,Kansas,2,93,California,6,76
1993,8,Kansas,2,83,Indiana,1,77
1993,64,Kentucky,1,96,Rider,16,52
1993,64,Utah,8,86,Pittsburgh,9,65
1993,64,Wake Forest,5,81,Chattanooga,12,58
1993,64,Iowa,4,82,Northeast Louisiana,13,69
1993,64,Tulane,11,55,Kansas State,6,53
1993,64,Florida State,3,82,Evansville,14,70
1993,64,Western Kentucky,7,55,Memphis State,10,52
1993,64,Seton Hall,2,81,Tennessee State,15,59
1993,32,Kentucky,1,83,Utah,8,62
1993,32,Wake Forest,5,84,Iowa,4,78
1993,32,Florida State,3,94,Tulane,11,63
1993,32,Western Kentucky,7,72,Seton Hall,2,68
1993,16,Kentucky,1,103,Wake Forest,5,69
1993,16,Florida State,3,81,Western Kentucky,7,78
1993,8,Kentucky,1,106,Florida State,3,81
1993,64,,1,84,Coastal Carolina,16,53
1993,64,UCLA,9,81,Iowa State,8,70
1993,64,George Washington,12,82,New Mexico,5,68
1993,64,Southern,13,93,Georgia Tech,4,78
1993,64,Illinois,6,75,Long Beach State,11,72
1993,64,Vanderbilt,3,92,Boise State,14,72
1993,64,Temple,7,75,Missouri,10,61
1993,64,Santa Clara,15,64,Arizona,2,61
1993,32,,1,86,UCLA,9,84
1993,32,George Washington,12,90,Southern,13,80
1993,32,Vanderbilt,3,85,Illinois,6,68
1993,32,Temple,7,68,Santa Clara,15,57
1993,16,,1,72,George Washington,12,64
1993,16,Temple,7,67,Vanderbilt,3,59
1993,8,,1,77,Temple,7,72
1993,4,North Carolina,1,78,Kansas,2,68
1993,4,,1,81,Kentucky,1,78
1993,2,North Carolina,1,77,,1,71
1992,64,Duke,1,82,Campbell,16,56
1992,64,Iowa,9,98,Texas,8,92
1992,64,Missouri,5,89,West Virginia,12,78
1992,64,Seton Hall,4,78,La Salle,13,76
1992,64,Syracuse,6,51,Princeton,11,43
1992,64,Massachusetts,3,85,Fordham,14,58
1992,64,Iowa State,10,76,Charlotte,7,74
1992,64,Kentucky,2,88,Old Dominion,15,69
1992,32,Duke,1,75,Iowa,9,62
1992,32,Seton Hall,4,88,Missouri,5,71
1992,32,Massachusetts,3,77,Syracuse,6,71
1992,32,Kentucky,2,106,Iowa State,10,98
1992,16,Duke,1,81,Seton Hall,4,68
1992,16,Kentucky,2,87,Massachusetts,3,77
1992,8,Duke,1,104,Kentucky,2,103
1992,64,UCLA,1,73,Robert Morris,16,53
1992,64,Louisville,8,81,Wake Forest,9,58
1992,64,,12,81,DePaul,5,73
1992,64,Southwest Louisiana,13,87,Oklahoma,4,83
1992,64,Georgetown,6,75,South Florida,11,60
1992,64,Florida State,3,78,Montana,14,68
1992,64,LSU,7,94,BYU,10,83
1992,64,Indiana,2,94,Eastern Illinois,15,55
1992,32,UCLA,1,85,Louisville,8,69
1992,32,,12,81,Southwest Louisiana,13,73
1992,32,Florida State,3,78,Georgetown,6,68
1992,32,Indiana,2,89,LSU,7,79
1992,16,UCLA,1,85,,12,78
1992,16,Indiana,2,85,Florida State,3,74
1992,8,Indiana,2,106,UCLA,1,79
1992,64,Ohio State,1,83,Mississippi Valley State,16,56
1992,64,Connecticut,9,86,Nebraska,8,65
1992,64,Alabama,5,80,Stanford,12,75
1992,64,North Carolina,4,68,Miami (OH),13,63
1992,64,Michigan,6,73,Temple,11,66
1992,64,East Tennessee State,14,87,Arizona,3,80
1992,64,Tulane,10,61,St. John's,7,57
1992,64,Oklahoma State,2,100,Georgia Southern,15,73
1992,32,Ohio State,1,78,Connecticut,9,55
1992,32,North Carolina,4,64,Alabama,5,55
1992,32,Michigan,6,102,East Tennessee State,14,90
1992,32,Oklahoma State,2,87,Tulane,10,71
1992,16,Ohio State,1,80,North Carolina,4,73
1992,16,Michigan,6,75,Oklahoma State,2,72
1992,8,Michigan ,6,75,Ohio State,1,71
1992,64,Kansas,1,100,Howard,16,67
1992,64,UTEP,9,55,Evansville,8,50
1992,64,Michigan State,5,61,Southwest Missouri State,12,54
1992,64,Cincinnati,4,85,Delaware,13,47
1992,64,Memphis State,6,80,Pepperdine,11,70
1992,64,Arkansas,3,80,Murray State,14,69
1992,64,Georgia Tech,7,65,Houston,10,60
1992,64,USC,2,84,Northeast Louisiana,15,54
1992,32,UTEP,9,66,Kansas,1,60
1992,32,Cincinnati,4,77,Michigan State,5,65
1992,32,Memphis State,6,82,Arkansas,3,80
1992,32,Georgia Tech,7,79,USC,2,78
1992,16,Cincinnati,4,69,UTEP,9,67
1992,16,Memphis State,6,83,Georgia Tech,7,79
1992,8,Cincinnati,4,88,Memphis State,6,57
1992,4,Duke,1,81,Indiana,2,78
1992,4,,6,76,Cincinnati,4,72
1992,2,Duke,1,71,,6,51
1991,64,North Carolina,1,101,Northeastern,16,66
1991,64,Villanova,9,50,Princeton,8,48
1991,64,Eastern Michigan,12,76,Mississippi State,5,56
1991,64,Penn State,13,74,UCLA,4,69
1991,64,NC State,6,114,Southern Miss,11,85
1991,64,Oklahoma State,3,67,New Mexico,14,54
1991,64,Temple,10,80,Purdue,7,63
1991,64,Richmond,15,73,Syracuse,2,69
1991,32,North Carolina,1,84,Villanova,9,69
1991,32,Eastern Michigan,12,71,Penn State,13,68
1991,32,Oklahoma State,3,73,NC State,6,64
1991,32,Temple,10,77,Richmond,15,64
1991,16,North Carolina,1,93,Eastern Michigan,12,67
1991,16,Temple,10,72,Oklahoma State,3,63
1991,8,North Carolina,1,75,Temple,10,72
1991,64,Arkansas,1,117,Georgia State,16,76
1991,64,Arizona State,8,79,Rutgers,9,76
1991,64,Wake Forest,5,71,Louisiana Tech,12,65
1991,64,Alabama,4,89,Murray State,13,79
1991,64,Pittsburgh,6,76,Georgia,11,68
1991,64,Kansas,3,55,New Orleans,14,49
1991,64,Florida State,7,75,USC,10,72
1991,64,Indiana,2,79,Coastal Carolina,15,69
1991,32,Arkansas,1,97,Arizona State,8,90
1991,32,Alabama,4,96,Wake Forest,5,88
1991,32,Kansas,3,77,Pittsburgh,6,66
1991,32,Indiana,2,82,Florida State,7,60
1991,16,Arkansas,1,93,Alabama,4,70
1991,16,Kansas,3,83,Indiana,2,65
1991,8,Kansas,3,93,Arkansas,1,81
1991,64,Ohio State,1,97,Towson State,16,86
1991,64,Georgia Tech,8,87,DePaul,9,70
1991,64,Texas,5,73,Saint Peter's,12,65
1991,64,St. John's,4,75,Northern Illinois,13,68
1991,64,Connecticut,11,79,LSU,6,62
1991,64,Xavier,14,89,Nebraska,3,84
1991,64,Iowa,7,76,East Tennessee State,10,73
1991,64,Duke,2,102,Northeast Louisiana,15,73
1991,32,Ohio State,1,65,Georgia Tech,8,61
1991,32,St. John's,4,84,Texas,5,76
1991,32,Connecticut,11,66,Xavier,14,50
1991,32,Duke,2,85,Iowa,7,70
1991,16,St. John's,4,91,Ohio State,1,74
1991,16,Duke,2,81,Connecticut,11,67
1991,8,Duke,2,78,St. John's,4,61
1991,64,UNLV,1,99,Montana,16,65
1991,64,Georgetown,8,70,Vanderbilt,9,60
1991,64,Michigan State,5,60,Wisconsin–Green Bay,12,58
1991,64,Utah,4,82,South Alabama,13,72
1991,64,Creighton,11,64,New Mexico State,6,56
1991,64,Seton Hall,3,71,Pepperdine,14,51
1991,64,BYU,10,61,Virginia,7,48
1991,64,Arizona,2,93,Saint Francis (PA),15,80
1991,32,UNLV,1,62,Georgetown,8,54
1991,32,Utah,4,85,Michigan State,5,84
1991,32,Seton Hall,3,81,Creighton,11,69
1991,32,Arizona,2,76,BYU,10,61
1991,16,UNLV,1,83,Utah,4,66
1991,16,Seton Hall,3,81,Arizona,2,77
1991,8,UNLV,1,77,Seton Hall,3,65
1991,4,Kansas,3,79,North Carolina,1,73
1991,4,Duke,2,79,UNLV,1,77
1991,2,Duke,2,72,Kansas,3,65
1990,64,Connecticut,1,76,Boston University,16,52
1990,64,California,9,65,Indiana,8,63
1990,64,Clemson,5,49,BYU,12,47
1990,64,La Salle,4,79,Southern Miss,13,63
1990,64,St. John's,6,81,Temple,11,65
1990,64,Duke,3,81,Richmond,14,46
1990,64,UCLA,7,68,UAB,10,56
1990,64,Kansas,2,79,Robert Morris,15,71
1990,32,Connecticut,1,74,California,9,54
1990,32,Clemson,5,79,La Salle,4,75
1990,32,Duke,3,76,St. John's,6,72
1990,32,UCLA,7,71,Kansas,2,70
1990,16,Connecticut,1,71,Clemson,5,70
1990,16,Duke,3,90,UCLA,7,81
1990,8,Duke,3,79,Connecticut,1,78
1990,64,Oklahoma,1,77,Towson State,16,68
1990,64,North Carolina,8,83,SW Missouri State,9,70
1990,64,Dayton,12,88,Illinois,5,86
1990,64,Arkansas,4,68,Princeton,13,64
1990,64,Xavier,6,87,Kansas State,11,79
1990,64,Georgetown,3,70,Texas Southern,14,52
1990,64,Texas,10,100,Georgia,7,88
1990,64,Purdue,2,75,Northeast Louisiana,15,63
1990,32,North Carolina,8,79,Oklahoma,1,77
1990,32,Arkansas,4,86,Dayton,12,84
1990,32,Xavier,6,74,Georgetown,3,71
1990,32,Texas,10,73,Purdue,2,72
1990,16,Arkansas,4,96,North Carolina,8,73
1990,16,Texas,10,102,Xavier,6,89
1990,8,Arkansas,4,88,Texas,10,85
1990,64,Michigan State,1,75,Murray State,16,71
1990,64,UC Santa Barbara,9,70,Houston,8,66
1990,64,LSU,5,70,Villanova,12,63
1990,64,Georgia Tech,4,99,East Tennessee State,13,83
1990,64,Minnesota,6,64,UTEP,11,61
1990,64,Northern Iowa,14,74,Missouri,3,71
1990,64,Virginia,7,75,Notre Dame,10,67
1990,64,Syracuse,2,70,Coppin State,15,48
1990,32,Michigan State,1,62,UC Santa Barbara,9,58
1990,32,Georgia Tech,4,94,LSU,5,91
1990,32,Minnesota,6,81,Northern Iowa,14,78
1990,32,Syracuse,2,63,Virginia,7,61
1990,16,Georgia Tech,4,81,Michigan State,1,80
1990,16,Minnesota,6,82,Syracuse,2,75
1990,8,Georgia Tech,4,93,Minnesota,6,91
1990,64,UNLV,1,102,Arkansas–Little Rock,16,72
1990,64,Ohio State,8,84,Providence,9,83
1990,64,Ball State,12,54,Oregon State,5,53
1990,64,Louisville,4,78,Idaho,13,59
1990,64,Loyola Marymount,11,111,New Mexico State,6,92
1990,64,Michigan,3,76,Illinois State,14,70
1990,64,Alabama,7,71,Colorado State,10,54
1990,64,Arizona,2,79,South Florida,15,67
1990,32,UNLV,1,76,Ohio State,8,65
1990,32,Ball State,12,62,Louisville,4,60
1990,32,Loyola Marymount,11,149,Michigan,3,115
1990,32,Alabama,7,77,Arizona,2,55
1990,16,UNLV,1,69,Ball State,12,67
1990,16,Loyola Marymount,11,62,Alabama,7,60
1990,8,UNLV,1,131,Loyola Marymount,11,101
1990,4,Duke,3,97,Arkansas,4,83
1990,4,UNLV,1,90,Georgia Tech,4,81
1990,2,UNLV,1,103,Duke,3,73
1989,64,Georgetown,1,50,Princeton,16,49
1989,64,Notre Dame,9,81,Vanderbilt,8,65
1989,64,NC State,5,81,South Carolina,12,66
1989,64,Iowa,4,87,Rutgers,13,73
1989,64,Minnesota,11,86,Kansas State,6,75
1989,64,Siena,14,80,Stanford,3,78
1989,64,West Virginia,7,84,Tennessee,10,68
1989,64,Duke,2,90,South Carolina State,15,69
1989,32,Georgetown,1,81,Notre Dame,9,74
1989,32,NC State,5,102,Iowa,4,96
1989,32,Minnesota,11,80,Siena,14,67
1989,32,Duke,2,70,West Virginia,7,63
1989,16,Georgetown,1,69,NC State,5,61
1989,16,Duke,2,87,Minnesota,11,70
1989,8,Duke,2,85,Georgetown,1,77
1989,64,Arizona,1,94,Robert Morris,16,60
1989,64,Clemson,9,83,Saint Mary's,8,70
1989,64,DePaul,12,66,Memphis State,5,63
1989,64,UNLV,4,68,Idaho,13,56
1989,64,Evansville,11,94,Oregon State,6,90
1989,64,Seton Hall,3,60,Southwest Missouri State,14,51
1989,64,UTEP,7,85,LSU,10,74
1989,64,Indiana,2,99,George Mason,15,85
1989,32,Arizona,1,94,Clemson,9,68
1989,32,UNLV,4,85,DePaul,12,70
1989,32,Seton Hall,3,87,Evansville,11,73
1989,32,Indiana,2,92,UTEP,7,69
1989,16,UNLV,4,68,Arizona,1,67
1989,16,Seton Hall,3,78,Indiana,2,65
1989,8,Seton Hall,3,84,UNLV,4,61
1989,64,Oklahoma,1,72,East Tennessee State,16,71
1989,64,Louisiana Tech,9,83,La Salle,8,74
1989,64,Virginia,5,100,Providence,12,97
1989,64,Middle Tennessee State,13,97,Florida State,4,83
1989,64,South Alabama,11,86,Alabama,6,84
1989,64,Michigan,3,92,Xavier,14,87
1989,64,UCLA,7,84,Iowa State,10,74
1989,64,North Carolina,2,93,Southern,15,79
1989,32,Oklahoma,1,124,Louisiana Tech,9,81
1989,32,Virginia,5,104,Middle Tennessee State,13,88
1989,32,Michigan,3,91,South Alabama,11,82
1989,32,North Carolina,2,88,UCLA,7,81
1989,16,Virginia,5,86,Oklahoma,1,80
1989,16,Michigan,3,92,North Carolina,2,87
1989,8,Michigan,3,102,Virginia,5,65
1989,64,Illinois,1,77,McNeese State,16,71
1989,64,Ball State,9,68,Pittsburgh,8,64
1989,64,Arkansas,5,120,Loyola Marymount,12,101
1989,64,Louisville,4,76,Arkansas–Little Rock,13,71
1989,64,Texas,11,76,Georgia Tech,6,70
1989,64,Missouri,3,85,Creighton,14,69
1989,64,Colorado State,10,68,Florida,7,46
1989,64,Syracuse,2,104,Bucknell,15,81
1989,32,Illinois,1,72,Ball State,9,60
1989,32,Louisville,4,93,Arkansas,5,84
1989,32,Missouri,3,108,Texas,11,89
1989,32,Syracuse,2,65,Colorado State,10,50
1989,16,Illinois,1,83,Louisville,4,69
1989,16,Syracuse,2,83,Missouri,3,80
1989,8,Illinois,1,89,Syracuse,2,86
1989,4,Seton Hall,3,95,Duke,2,78
1989,4,Michigan,3,83,Illinois,1,81
1989,2,Michigan,3,80,Seton Hall,3,79
1988,64,Temple,1,87,Lehigh,16,73
1988,64,Georgetown,8,66,LSU,9,63
1988,64,Georgia Tech,5,90,Iowa State,12,78
1988,64,Richmond,13,72,Indiana,4,69
1988,64,Rhode Island,11,87,Missouri,6,80
1988,64,Syracuse,3,69,North Carolina A&T,14,55
1988,64,SMU,7,83,Notre Dame,10,75
1988,64,Duke,2,85,Boston University,15,69
1988,32,Temple,1,74,Georgetown,8,53
1988,32,Richmond,13,59,Georgia Tech,5,55
1988,32,Rhode Island,11,97,Syracuse,3,94
1988,32,Duke,2,94,SMU,7,79
1988,16,Temple,1,69,Richmond,13,47
1988,16,Duke,2,73,Rhode Island,11,72
1988,8,Duke,2,63,Temple,1,53
1988,64,Purdue,1,94,Fairleigh Dickinson,16,79
1988,64,Memphis,9,75,Baylor,8,60
1988,64,DePaul,5,83,Wichita State,12,62
1988,64,Kansas State,4,66,La Salle,13,53
1988,64,Kansas,6,85,Xavier,11,72
1988,64,Murray State,14,78,NC State,3,75
1988,64,Vanderbilt,7,80,Utah State,10,77
1988,64,Pittsburgh,2,108,Eastern Michigan,15,90
1988,32,Purdue,1,100,Memphis,9,73
1988,32,Kansas State,4,66,DePaul,5,58
1988,32,Kansas,6,61,Murray State,14,58
1988,32,Vanderbilt,7,80,Pittsburgh,2,74
1988,16,Kansas State,4,73,Purdue,1,70
1988,16,Kansas,6,77,Vanderbilt,7,64
1988,8,Kansas,6,71,Kansas State,4,58
1988,64,Oklahoma,1,94,Chattanooga,16,66
1988,64,Auburn,8,90,Bradley,9,86
1988,64,Louisville,5,70,Oregon State,12,61
1988,64,BYU,4,98,Charlotte,13,92
1988,64,Villanova,6,82,Arkansas,11,74
1988,64,Illinois,3,81,UTSA,14,72
1988,64,,7,92,UC Santa Barbara,10,82
1988,64,,2,99,Southern,15,84
1988,32,Oklahoma,1,107,Auburn,8,87
1988,32,Louisville,5,97,BYU,4,76
1988,32,Villanova,6,66,Illinois,3,63
1988,32,,2,90,,7,81
1988,16,Oklahoma,1,108,Louisville,5,98
1988,16,Villanova,6,80,,2,74
1988,8,Oklahoma,1,78,Villanova,6,59
1988,64,Arizona,1,90,Cornell,16,50
1988,64,Seton Hall,8,80,UTEP,9,64
1988,64,Iowa,5,102,Florida State,12,98
1988,64,UNLV,4,54,Southwest Missouri State,13,50
1988,64,Florida,6,62,St. John's,11,59
1988,64,Michigan,3,63,Boise State,14,58
1988,64,Loyola Marymount,10,119,Wyoming,7,115
1988,64,North Carolina,2,83,North Texas State,15,65
1988,32,Arizona,1,84,Seton Hall,8,55
1988,32,Iowa,5,104,UNLV,4,86
1988,32,Michigan,3,108,Florida,6,85
1988,32,North Carolina,2,123,Loyola Marymount,10,97
1988,16,Arizona,1,99,Iowa,5,79
1988,16,North Carolina,2,78,Michigan,3,69
1988,8,Arizona,1,70,North Carolina,2,52
1988,4,Kansas,6,66,Duke,2,59
1988,4,Oklahoma,1,86,Arizona,1,78
1988,2,Kansas,6,83,Oklahoma,1,79
1987,64,North Carolina,1,113,Penn,16,82
1987,64,Michigan,9,97,Navy,8,82
1987,64,Notre Dame,5,84,Middle Tennessee State,12,71
1987,64,TCU,4,76,Marshall,13,60
1987,64,Florida,6,82,NC State,11,70
1987,64,Purdue,3,104,Northeastern,14,95
1987,64,Western Kentucky,10,64,West Virginia,7,62
1987,64,Syracuse,2,79,Georgia Southern,15,73
1987,32,North Carolina,1,109,Michigan,9,97
1987,32,Notre Dame,5,58,TCU,4,57
1987,32,Florida,6,85,Purdue,3,66
1987,32,Syracuse,2,104,Western Kentucky,10,86
1987,16,North Carolina,1,74,Notre Dame,5,68
1987,16,Syracuse,2,87,Florida,6,81
1987,8,Syracuse,2,79,North Carolina,1,75
1987,64,Georgetown,1,75,Bucknell,16,53
1987,64,Ohio State,9,91,Kentucky,8,77
1987,64,Kansas,5,66,Houston,12,55
1987,64,Southwest Missouri State,13,65,Clemson,4,60
1987,64,Providence,6,90,UAB,11,68
1987,64,Austin Peay,14,68,Illinois,3,67
1987,64,New Orleans,7,83,BYU,10,79
1987,64,Alabama,2,88,North Carolina A&T,15,71
1987,32,Georgetown,1,82,Ohio State,9,79
1987,32,Kansas,5,67,Southwest Missouri State,13,63
1987,32,Providence,6,90,Austin Peay,14,87
1987,32,Alabama,2,101,New Orleans,7,76
1987,16,Georgetown,1,70,Kansas,5,57
1987,16,Providence,6,103,Alabama,2,82
1987,8,Providence,6,88,Georgetown,1,73
1987,64,Indiana,1,92,Fairfield,16,58
1987,64,Auburn,8,62,San Diego,9,61
1987,64,Duke,5,58,Texas A&M,12,51
1987,64,Xavier,13,70,Missouri,4,69
1987,64,St. John's,6,57,Wichita State,11,55
1987,64,DePaul,3,76,Louisiana Tech,14,62
1987,64,LSU,10,85,Georgia Tech,7,79
1987,64,Temple,2,75,Southern,15,56
1987,32,Indiana,1,107,Auburn,8,90
1987,32,Duke,5,65,Xavier,13,60
1987,32,DePaul,3,83,St. John's,6,75
1987,32,LSU,10,72,Temple,2,62
1987,16,Indiana,1,88,Duke,5,82
1987,16,LSU,10,63,DePaul,3,58
1987,8,Indiana,1,77,LSU,10,76
1987,64,UNLV,1,95,Idaho State,16,70
1987,64,Kansas State,9,82,Georgia,8,79
1987,64,Wyoming,12,64,Virginia,5,60
1987,64,UCLA,4,92,Central Michigan,13,73
1987,64,Oklahoma,6,74,Tulsa,11,69
1987,64,Pittsburgh,3,93,Marist,14,68
1987,64,UTEP,7,98,Arizona,10,91
1987,64,Iowa,2,99,Santa Clara,15,76
1987,32,UNLV,1,80,Kansas State,9,61
1987,32,Wyoming,12,78,UCLA,4,68
1987,32,Oklahoma,6,96,Pittsburgh,3,93
1987,32,Iowa,2,84,UTEP,7,82
1987,16,UNLV,1,92,Wyoming,12,78
1987,16,Iowa,2,93,Oklahoma,6,91
1987,8,UNLV,1,84,Iowa,2,81
1987,4,Syracuse,2,77,Providence,6,63
1987,4,Indiana,1,97,UNLV,1,93
1987,2,Indiana,1,74,Syracuse,2,73
1986,64,Duke,1,85,Mississippi Valley State,16,78
1986,64,Old Dominion,8,72,West Virginia,9,64
1986,64,DePaul,12,72,Virginia,5,68
1986,64,Oklahoma,4,80,Northeastern,13,74
1986,64,Saint Joseph's,6,60,Richmond,11,59
1986,64,Cleveland State,14,83,Indiana,3,79
1986,64,Navy,7,87,Tulsa,10,68
1986,64,Syracuse,2,101,Brown,15,52
1986,32,Duke,1,89,Old Dominion,8,61
1986,32,DePaul,12,74,Oklahoma,4,69
1986,32,Cleveland State,14,75,Saint Joseph's,6,69
1986,32,Navy,7,97,Syracuse,2,85
1986,16,Duke,1,74,DePaul,12,67
1986,16,Navy,7,71,Cleveland State,14,70
1986,8,Duke,1,71,Navy,7,50
1986,64,Kansas,1,71,North Carolina A&T,16,46
1986,64,Temple,9,61,Jacksonville,8,50
1986,64,Michigan State,5,72,Washington,12,70
1986,64,Georgetown,4,70,Texas Tech,13,64
1986,64,NC State,6,66,Iowa,11,64
1986,64,Arkansas–Little Rock,14,90,Notre Dame,3,83
1986,64,Iowa State,7,81,Miami (OH),10,79
1986,64,Michigan,2,70,Akron,15,64
1986,32,Kansas,1,65,Temple,9,43
1986,32,Michigan State,5,80,Georgetown,4,68
1986,32,NC State,6,80,Arkansas–Little Rock,14,66
1986,32,Iowa State,7,72,Michigan,2,69
1986,16,Kansas,1,96,Michigan State,5,86
1986,16,NC State,6,70,Iowa State,7,66
1986,8,Kansas,1,75,NC State,6,67
1986,64,Kentucky,1,75,Davidson,16,55
1986,64,Western Kentucky,8,67,Nebraska,9,59
1986,64,Alabama,5,97,Xavier,12,80
1986,64,Illinois,4,75,Fairfield,13,51
1986,64,LSU,11,94,Purdue,6,87
1986,64,,3,95,Ball State,14,63
1986,64,Villanova,10,71,Virginia Tech,7,62
1986,64,Georgia Tech,2,68,Marist,15,53
1986,32,Kentucky,1,71,Western Kentucky,8,64
1986,32,Alabama,5,58,Illinois,4,56
1986,32,LSU,11,83,,3,81
1986,32,Georgia Tech,2,66,Villanova,10,61
1986,16,Kentucky,1,68,Alabama,5,63
1986,16,LSU,11,70,Georgia Tech,2,64
1986,8,LSU,11,59,Kentucky,1,57
1986,64,St. John's,1,83,Montana State,16,74
1986,64,Auburn,8,73,Arizona,9,63
1986,64,Maryland,5,69,Pepperdine,12,64
1986,64,UNLV,4,74,Northeast Louisiana,13,51
1986,64,UAB,6,66,Missouri,11,64
1986,64,North Carolina,3,84,Utah,14,72
1986,64,Bradley,7,83,UTEP,10,65
1986,64,Louisville,2,93,Drexel,15,73
1986,32,Auburn,8,81,St. John's,1,65
1986,32,UNLV,4,70,Maryland,5,64
1986,32,North Carolina,3,77,UAB,6,59
1986,32,Louisville,2,82,Bradley,7,68
1986,16,Auburn,8,70,UNLV,4,63
1986,16,Louisville,2,94,North Carolina,3,79
1986,8,Louisville,2,84,Auburn,8,76
1986,4,Duke,1,71,Kansas,1,67
1986,4,Louisville,2,88,LSU,11,77
1986,2,Louisville,2,72,Duke,1,69
1985,64,Georgetown,1,68,Lehigh,16,43
1985,64,Virginia Tech,9,87,Temple,8,60
1985,64,SMU,5,85,Old Dominion,12,68
1985,64,Loyola–Chicago,4,59,Iona,13,58
1985,64,Georgia,6,67,Wichita State,11,59
1985,64,Illinois,3,76,Northeastern,14,57
1985,64,Syracuse,7,70,DePaul,10,65
1985,64,Georgia Tech,2,65,Mercer,15,58
1985,32,Georgetown,1,63,Virginia Tech,9,46
1985,32,Loyola Chicago,4,70,SMU,5,57
1985,32,Illinois,3,74,Georgia,6,58
1985,32,Georgia Tech,2,70,Syracuse,7,53
1985,16,Georgetown,1,65,Loyola Chicago,4,53
1985,16,Georgia Tech,2,61,Illinois,3,53
1985,8,Georgetown,1,60,Georgia Tech,2,54
1985,64,St John's,1,83,Southern,16,59
1985,64,Arkansas,9,63,Iowa,8,54
1985,64,Kentucky,12,66,Washington,5,58
1985,64,UNLV,4,85,San Diego State,13,80
1985,64,UTEP,11,79,Tulsa,6,75
1985,64,NC State,3,65,Nevada,14,56
1985,64,Alabama,7,50,Arizona,10,41
1985,64,VCU,2,81,Marshall,15,65
1985,32,St John's,1,68,Arkansas,9,65
1985,32,Kentucky,12,64,UNLV,4,61
1985,32,NC State,3,86,UTEP,11,73
1985,32,Alabama,7,63,VCU,2,59
1985,16,St John's,1,86,Kentucky,12,70
1985,16,NC State,3,61,Alabama,7,55
1985,8,St. John's,1,69,NC State,3,60
1985,64,Michigan,1,59,Fairleigh Dickinson,16,55
1985,64,Villanova,8,51,Dayton,9,49
1985,64,Maryland,5,69,Miami (OH),12,68
1985,64,Navy,13,78,LSU,4,55
1985,64,Auburn,11,59,Purdue,6,58
1985,64,Kansas,3,49,Ohio,14,38
1985,64,Notre Dame,7,79,Oregon State,10,70
1985,64,North Carolina,2,76,Middle Tennessee State,15,57
1985,32,Villanova,8,59,Michigan,1,55
1985,32,Maryland,5,64,Navy,13,59
1985,32,Auburn,11,66,Kansas,3,64
1985,32,North Carolina,2,60,Notre Dame,7,58
1985,16,Villanova,8,46,Maryland,5,43
1985,16,North Carolina,2,62,Auburn,11,56
1985,8,Villanova,8,56,North Carolina,2,44
1985,64,Oklahoma,1,96,North Carolina A&T,16,83
1985,64,Illinois State,9,58,USC,8,55
1985,64,Louisiana Tech,5,78,Pittsburgh,12,54
1985,64,Ohio State,4,75,Iowa State,13,64
1985,64,Boston College,11,55,Texas Tech,6,53
1985,64,Duke,3,75,Pepperdine,14,62
1985,64,UAB,7,70,Michigan State,10,68
1985,64,Memphis State#,2,67,Penn,15,55
1985,32,Oklahoma,1,75,Illinois State,9,69
1985,32,Louisiana Tech,5,79,Ohio State,4,67
1985,32,Boston College,11,74,Duke,3,73
1985,32,Memphis State#,2,67,UAB,7,66
1985,16,Oklahoma,1,86,Louisiana Tech,5,84
1985,16,Memphis State#,2,59,Boston College,11,57
1985,8,Memphis State#,2,63,Oklahoma,1,61
1985,4,Georgetown,1,77,St Johns,1,59
1985,4,Villanova,8,52,Memphis St. #,2,45
1985,2,Villanova,8,66,Georgetown,1,64
